"team","year","gCoeff","mean_cash","median_cash","top_cash","bot_cash","players_recorded"
"49ers",1985,0,7e+05,7e+05,7e+05,7e+05,1
"49ers",1986,0,240000,240000,240000,240000,1
"49ers",1987,0.15359477124183,382500,382500,5e+05,265000,2
"49ers",1988,0.0757575757575757,825000,825000,950000,7e+05,2
"49ers",1989,0.0135135135135135,925000,925000,950000,9e+05,2
"49ers",1990,0.0769230769230769,1300000,1300000,1500000,1100000,2
"49ers",1991,0.142857142857143,1540000,1540000,1980000,1100000,2
"49ers",1992,0.0882352941176471,2125000,2125000,2500000,1750000,2
"49ers",1993,0.179012345679012,6075000,6075000,8250000,3900000,2
"49ers",1994,0.362563498946847,2017750,1942000,4025000,162000,4
"49ers",1995,0.147773279352227,3087500,3087500,4e+06,2175000,2
"49ers",1996,0.0558312655086849,5037500,5037500,5600000,4475000,2
"49ers",1997,0.138297872340426,2350000,2350000,3e+06,1700000,2
"49ers",1998,0.155172413793103,7250000,7250000,9500000,5e+06,2
"49ers",1999,0.155339805825243,5150000,5150000,6750000,3550000,2
"49ers",2000,0,3750000,3750000,3750000,3750000,1
"49ers",2004,0.162810873337189,432250,432250,573000,291500,2
"49ers",2005,0.557428687418837,1221093.16666667,567250,3500000,27059,6
"49ers",2006,0.613632746689496,2249666.66666667,585000,9350000,350000,9
"49ers",2007,0.547727003066356,2519053.78571429,1276250,9820000,360000,14
"49ers",2008,0.584359899765745,3625717.10526316,1e+06,12250000,370000,19
"49ers",2009,0.603776102908278,2634550.60869565,940000,12670000,88400,23
"49ers",2010,0.602733094291835,2940029.53125,1163500,16598000,94118,32
"49ers",2011,0.511497767962574,2587951.57142857,1404875,9387500,286765,42
"49ers",2012,0.556925452642036,2512008.17307692,1136281,9250000,45882,52
"49ers",2013,0.568469948883482,1930965.43661972,840844,8380000,0,71
"49ers",2014,0.610321436923257,1634587.37078652,629895,13073766,6300,89
"49ers",2015,0.64006279379408,1404957.07142857,570838,11925000,6600,84
"49ers",2016,0.668932705113976,1606868.57446809,627500,14300000,13800,94
"49ers",2017,0.703326080724285,1685760.88888889,588235,19080912,14400,99
"49ers",2018,0.721387152918069,2464937.69047619,681500,41950000,15200,84
"49ers",2019,0.701952581648614,2436659.94382022,663137,22916356,0,89
"49ers",2020,0.722758384910332,2260501.51851852,719765.5,25200000,8400,108
"Bears",2003,0.220097889262771,1634500,1634500,2354000,915000,2
"Bears",2004,0.0506445672191528,339375,339375,373750,305000,2
"Bears",2005,0.516355140186916,1457875,568250,4315000,380000,4
"Bears",2006,0.290604513169678,812683.333333333,642425,1775000,350000,6
"Bears",2007,0.675539459164616,2314641.45454545,766250,12098000,100588,11
"Bears",2008,0.514282040677666,2735833.61538462,1921000,8805000,370000,13
"Bears",2009,0.600923093638078,3376889.4375,820616,17134999,385000,16
"Bears",2010,0.643172067095675,2517228,1049650,20200000,320000,24
"Bears",2011,0.60222359478348,2004709.59459459,6e+05,11700000,0,37
"Bears",2012,0.580810499833908,1946920.95555556,835200,9800000,0,45
"Bears",2013,0.623661217309012,2331588.95081967,765609,13200000,36000,61
"Bears",2014,0.709690050440109,1652692.7,554717.5,22500000,12600,80
"Bears",2015,0.687723035988011,1416680.86363636,510000,15500000,13200,88
"Bears",2016,0.690771313100399,1736159.49450549,6e+05,1.6e+07,6900,91
"Bears",2017,0.683145301322382,1973244.58888889,665774,19719500,7200,90
"Bears",2018,0.687367505173912,2801152.7012987,733660,4.1e+07,38000,77
"Bears",2019,0.663573246273035,2001553.2962963,645000,15500000,16000,81
"Bears",2020,0.682171704250278,2247850.96703297,750000,18500000,8400,91
"Bengals",2001,0,10500000,10500000,10500000,10500000,2
"Bengals",2002,0,2430000,2430000,2430000,2430000,2
"Bengals",2003,0.473071324599709,4580000,1330000,11080000,1330000,3
"Bengals",2004,0.304703979749684,1777750,1580000,3420000,531000,4
"Bengals",2005,0.609013867488444,5678750,1830000,18750000,305000,4
"Bengals",2006,0.571471732987364,2557590.90909091,915750,15750000,425000,11
"Bengals",2007,0.623307357674754,3487980.28571429,397500,14250000,79900,14
"Bengals",2008,0.57510509390946,2339140.73333333,927000,7750000,152941,15
"Bengals",2009,0.571434725695539,1621348.95,651250,9500000,88400,20
"Bengals",2010,0.575646507275691,1765525.85185185,995000,10500000,75294,27
"Bengals",2011,0.650661852829447,2567343.39393939,6e+05,14037500,0,33
"Bengals",2012,0.519523935008603,1657308.10869565,715125,6700000,91765,46
"Bengals",2013,0.6359481531057,1911776.61333333,717300,1.9e+07,0,75
"Bengals",2014,0.615375697736566,1625021.07594937,643788,18086027,18900,79
"Bengals",2015,0.632658413380998,2087732.21917808,882576,26750000,0,73
"Bengals",2016,0.618991025976456,2054715.16,675000,10700000,26471,75
"Bengals",2017,0.673927181055319,1984732.80246914,638000,14968750,7200,81
"Bengals",2018,0.711592305505476,2210254.15662651,630000,25500000,15200,83
"Bengals",2019,0.660870015633993,2533120.64473684,720000,16200000,16000,76
"Bengals",2020,0.695544295078113,2615991.50588235,750000,24490100,8400,85
"Bills",1998,0,8850000,8850000,8850000,8850000,1
"Bills",1999,0,1750000,1750000,1750000,1750000,1
"Bills",2000,0,4250000,4250000,4250000,4250000,1
"Bills",2001,0,4e+06,4e+06,4e+06,4e+06,1
"Bills",2002,0.0249343832020997,4762500,4762500,5e+06,4525000,2
"Bills",2003,0.47962154294032,2442666.66666667,1600000,5500000,228000,3
"Bills",2004,0.699579870634727,2014485.33333333,260221,8750000,108235,6
"Bills",2005,0.540871613663133,849000,305000,3100000,230000,5
"Bills",2006,0.503961294969348,2103092.25,1859000,5231250,20588,8
"Bills",2007,0.499435976834551,3072645.44444444,1868000,8703750,285000,9
"Bills",2008,0.468973031157307,2295048.18181818,1467000,6688750,349030,11
"Bills",2009,0.435807972031862,1901896,1870000,6241250,178235,14
"Bills",2010,0.501412246535159,1461564.61904762,790000,5100000,110588,21
"Bills",2011,0.659856791740349,2284825.45454545,790908,13716672,22059,33
"Bills",2012,0.676130303591388,2299879.11363636,627500,2.5e+07,45882,44
"Bills",2013,0.629306105535102,1824800.35483871,620572.5,15400000,23824,62
"Bills",2014,0.625523714473296,1828827.04054054,635608.5,13400000,18900,74
"Bills",2015,0.730597144761861,2031201.84705882,585000,27823529,6600,85
"Bills",2016,0.674022717272534,1890891.98888889,682958,1.9e+07,0,90
"Bills",2017,0.655254549848197,1854533.73563218,726516,14500000,7200,87
"Bills",2018,0.659119511919352,1790773.2125,679691,17100000,22800,80
"Bills",2019,0.630039011603587,2552319.13924051,1e+06,19450000,64000,79
"Bills",2020,0.645595758664875,2713340.62790698,843124.5,18750000,0,86
"Broncos",1983,0,1600000,1600000,1600000,1600000,1
"Broncos",1984,0,7e+05,7e+05,7e+05,7e+05,1
"Broncos",1985,0,8e+05,8e+05,8e+05,8e+05,1
"Broncos",1986,0,9e+05,9e+05,9e+05,9e+05,1
"Broncos",1987,0,4e+06,4e+06,4e+06,4e+06,1
"Broncos",1988,0,1400000,1400000,1400000,1400000,1
"Broncos",1989,0.09375,1200000,1200000,1425000,975000,2
"Broncos",1990,0.458234310360004,631166.666666667,295000,1450000,148500,3
"Broncos",1991,0.476430976430976,660000,345000,1525000,110000,3
"Broncos",1992,0.31866464339909,1098333.33333333,1070000,1900000,325000,3
"Broncos",1993,0.516307352128248,4020000,1200000,10100000,760000,3
"Broncos",1994,0.451981042829849,1347775,1167500,3e+06,56100,4
"Broncos",1995,0.546074043938161,1638666.66666667,905000,4740000,125000,6
"Broncos",1996,0.553729786124152,2130000,1330000,8020000,2e+05,6
"Broncos",1997,0.285788737949755,1491162.85714286,1600000,2825000,4e+05,7
"Broncos",1998,0.473959463716876,3643750,2500000,11500000,616250,7
"Broncos",1999,0.416146686000281,2137900,1e+06,5150000,639500,5
"Broncos",2000,0.210248753492959,1140687.5,1031375,1800000,7e+05,4
"Broncos",2001,0.362732095490716,4712500,2900000,11050000,2e+06,4
"Broncos",2002,0.479666912617266,3794800,1550000,11659000,1100000,5
"Broncos",2003,0.487397878376993,2925433.33333333,2127500,7534800,3e+05,6
"Broncos",2004,0.408787096396212,3380979.85714286,3260000,7509150,27059,7
"Broncos",2005,0.46381296045141,3291308.2,3030000,7628475,79900,10
"Broncos",2006,0.566333167171028,2820369.23076923,1550000,12006100,275000,13
"Broncos",2007,0.590823889703297,3778303.75,1088785,11247500,360000,12
"Broncos",2008,0.554097577311735,1986718.66666667,976375,8003050,315000,12
"Broncos",2009,0.505054043919164,3297988.84615385,1845000,9001525,325000,13
"Broncos",2010,0.584265307921298,2650877.60869565,1118500,1.3e+07,152565,23
"Broncos",2011,0.633004063699019,2672493.96666667,940000,14148000,96900,30
"Broncos",2012,0.62762912126446,2129350.80434783,713300,1.8e+07,91765,46
"Broncos",2013,0.635576229912459,2024289.69230769,771000,2.5e+07,36000,65
"Broncos",2014,0.691319576067967,1813055.41333333,570000,1.5e+07,12600,75
"Broncos",2015,0.673092862079873,2093887.13513514,688235.5,2.2e+07,0,74
"Broncos",2016,0.731308520712263,2163576.18518519,550356,25500000,0,81
"Broncos",2017,0.691453517663339,1916189.39325843,615000,16500000,0,89
"Broncos",2018,0.716995587984556,2087656.70652174,630000,1.9e+07,10000,92
"Broncos",2019,0.707506120204219,2156195.04395604,615588,18500000,0,91
"Broncos",2020,0.703336265485936,2386588.14893617,742500,2e+07,0,94
"Browns",1999,0.482990506329114,6320000,6320000,12425000,215000,2
"Browns",2000,0.619347715426695,3874416.66666667,275000,11073250,275000,3
"Browns",2001,0.537485795018274,3617666.66666667,1325000,9139000,389000,3
"Browns",2002,0.28062970568104,2435000,1580000,4400000,1325000,3
"Browns",2003,0.330708661417323,3810000,4700000,6200000,530000,3
"Browns",2004,0.414561170212766,3760000,3740000,6950000,610000,4
"Browns",2005,0.599601102111234,1607460.25,851470.5,4717500,9400,4
"Browns",2006,NA,NA,NA,NA,NA,6
"Browns",2007,0.493432570797965,3074464.28571429,2150000,8e+06,435000,7
"Browns",2008,0.574495053611487,3304620.625,1038500,10800000,387465,8
"Browns",2009,0.480960896518836,1965937.5,1071250,6500000,385000,8
"Browns",2010,0.48317858961406,3898563.63636364,2395000,12392200,395000,11
"Browns",2011,0.628188642377076,2582467.70833333,1026200,19100000,0,24
"Browns",2012,0.661064701537238,2021497.93617021,565000,13731672,0,47
"Browns",2013,0.676796048394682,1676878.46376812,555000,1.3e+07,32647,69
"Browns",2014,0.713791249351257,1783461.13580247,570000,20878193,0,81
"Browns",2015,0.642443920380867,1776761.03370787,585000,10400000,0,89
"Browns",2016,0.624398483641436,1208531.26086957,543500,10200000,0,92
"Browns",2017,0.747233321931605,2030423.66666667,540000,20723004,7200,84
"Browns",2018,0.718904707681929,2582567.81176471,630000,22329440,15200,85
"Browns",2019,0.681450499387873,2283753.65853659,645000,16750000,8000,82
"Browns",2020,0.716837939832287,2321260.35483871,675000,21862125,0,93
"Buccaneers",1985,0,1342000,1342000,1342000,1342000,1
"Buccaneers",1986,0,350000,350000,350000,350000,1
"Buccaneers",1993,0,323000,323000,323000,323000,1
"Buccaneers",1994,0,203750,203750,203750,203750,1
"Buccaneers",1995,0.415433044070104,1469250,1469250,2690000,248500,2
"Buccaneers",1996,0.0790645879732739,561250,561250,650000,472500,2
"Buccaneers",1997,0.278210116731518,1285000,1285000,2e+06,570000,2
"Buccaneers",1998,0.383333333333333,6e+06,6e+06,10600000,1400000,2
"Buccaneers",1999,0.235835172921266,3057750,3057750,4500000,1615500,2
"Buccaneers",2000,0.108,6250000,6250000,7600000,4900000,2
"Buccaneers",2001,0.217948717948718,2925000,2925000,4200000,1650000,2
"Buccaneers",2002,0.397394136807818,2558333.33333333,1750000,5250000,675000,3
"Buccaneers",2003,0,6600000,6600000,6600000,6600000,1
"Buccaneers",2005,0.0986842105263158,380000,380000,455000,305000,2
"Buccaneers",2006,0.272628135223555,1528333.33333333,1860000,2300000,425000,3
"Buccaneers",2007,0.377785772931734,923823.5,805000,1875000,210294,4
"Buccaneers",2008,0.51436283221724,1333764.28571429,1009000,4895000,77350,7
"Buccaneers",2009,0.485083051566513,1608008.11111111,1181250,5620000,218823,9
"Buccaneers",2010,0.688288771244781,2801367.31578947,395000,18087500,56471,19
"Buccaneers",2011,0.642417591004115,2080847.93103448,525000,11148750,0,29
"Buccaneers",2012,0.720055889806387,2673412.08695652,540000,25160000,54706,46
"Buccaneers",2013,0.629842295287338,1353488.96153846,630000,1.6e+07,12000,78
"Buccaneers",2014,0.712504287491898,1639543.27848101,532000,20300000,12600,79
"Buccaneers",2015,0.677479308867078,1456591.68292683,585000,17132292,6600,82
"Buccaneers",2016,0.665944288725703,1798802.02352941,6e+05,12500000,6900,85
"Buccaneers",2017,0.667218111089086,1687932.65909091,652500,13250000,7200,88
"Buccaneers",2018,0.668985215773636,2302052.08045977,630000,18258000,15200,87
"Buccaneers",2019,0.723299725917224,2383073.3372093,645000,20922000,8000,86
"Buccaneers",2020,0.724359674342113,2605014.61363636,750000,27875000,0,88
"Cardinals",1997,0,941667,941667,941667,941667,1
"Cardinals",1998,0,15302083,15302083,15302083,15302083,1
"Cardinals",1999,0,2024350,2024350,2024350,2024350,1
"Cardinals",2000,0,3030000,3030000,3030000,3030000,1
"Cardinals",2001,0,4037500,4037500,4037500,4037500,1
"Cardinals",2002,0.390155922736793,3222750,3222750,5737500,708000,2
"Cardinals",2003,0.392411143131604,2602500,2555000,5e+06,3e+05,4
"Cardinals",2004,0.646854650542414,2227908.44444444,8e+05,11250000,40588,9
"Cardinals",2005,0.566486521615529,2051124.9,896139.5,6500000,233235,10
"Cardinals",2006,0.485971966911765,4352000,3621250,11110000,425000,10
"Cardinals",2007,0.419849832773182,2349057.69230769,2210000,7e+06,297500,13
"Cardinals",2008,0.540783510412419,4841892.85714286,2258500,17100000,370000,14
"Cardinals",2009,0.580849083563392,4238033.33333333,2750000,1.9e+07,385000,15
"Cardinals",2010,0.405725591602177,1949878.94736842,1660000,6150000,369000,19
"Cardinals",2011,0.668835299099275,3743020,849428,2e+07,74100,27
"Cardinals",2012,0.666214865552892,2210937.58695652,615000,20250000,0,46
"Cardinals",2013,0.56905505032384,1684027.44444444,806647.5,13250000,72000,72
"Cardinals",2014,0.672960019070933,1912103.30379747,795000,1.9e+07,12600,79
"Cardinals",2015,0.655665362229152,1704587.68604651,588750,11719114,0,86
"Cardinals",2016,0.711663454136957,1761238.45555556,6e+05,18500000,0,90
"Cardinals",2017,0.702531933954964,1957290.24444444,615000,2.2e+07,7200,90
"Cardinals",2018,0.73151254906468,1647946.50561798,489706,13882500,7600,89
"Cardinals",2019,0.704999284600278,2121576.85185185,645000,24084924,0,81
"Cardinals",2020,0.69725131407602,2672410.21176471,750000,2.9e+07,16800,85
"Chargers",201,0,566176,566176,566176,566176,1
"Chargers",1990,0,2175000,2175000,2175000,2175000,1
"Chargers",1991,0,425000,425000,425000,425000,1
"Chargers",1992,0,525000,525000,525000,525000,1
"Chargers",1993,0,650000,650000,650000,650000,1
"Chargers",1994,0,4025000,4025000,4025000,4025000,1
"Chargers",1995,0,2825000,2825000,2825000,2825000,1
"Chargers",1996,0,5250000,5250000,5250000,5250000,1
"Chargers",1997,0,2400000,2400000,2400000,2400000,1
"Chargers",1998,0,4200000,4200000,4200000,4200000,1
"Chargers",1999,0,6e+06,6e+06,6e+06,6e+06,1
"Chargers",2000,0,3840000,3840000,3840000,3840000,1
"Chargers",2001,0.205766570911799,5221666.66666667,6500000,7e+06,2165000,3
"Chargers",2002,0.480874316939891,3050000,1750000,7e+06,4e+05,3
"Chargers",2003,0.313936781609195,1237333.33333333,1500000,1980000,232000,3
"Chargers",2004,0.632894013107979,4694019.66666667,1425000,1.6e+07,54118,6
"Chargers",2005,0.473572603289244,3623970.625,3302500,8078000,71765,8
"Chargers",2006,0.490046616510518,1757670.09090909,983000,4250000,79900,11
"Chargers",2007,0.56542690367694,2417192.30769231,683500,10375000,285000,13
"Chargers",2008,0.553832902670111,1658571.42857143,626250,6100000,215000,14
"Chargers",2009,0.630332562386404,3627843.75,1365000,25550000,385000,16
"Chargers",2010,0.560191511612713,3257469.94117647,1664000,12600000,280824,17
"Chargers",2011,0.616616230855155,3199717.03846154,1134180,1.4e+07,0,26
"Chargers",2012,0.58780178309017,2298733.42857143,840900,10400000,45882,35
"Chargers",2013,0.566220215687661,1689267.27692308,730000,1.2e+07,47647,65
"Chargers",2014,0.635229130255372,1447380.43902439,645000,13800000,12600,82
"Chargers",2015,0.735950432160008,1863272.3372093,585000,37500000,6600,86
"Chargers",2016,0.690726458148403,1877167.05376344,579680,17467216,20700,93
"Chargers",2017,0.696746788359667,1807181.88505747,615000,22750000,7200,87
"Chargers",2018,0.676709959258604,1874402.77906977,630000,1.5e+07,7600,86
"Chargers",2019,0.674723420693439,1928206.82758621,645000,1.7e+07,24000,87
"Chargers",2020,0.725347013098427,2819258.04651163,732118,4.3e+07,16800,86
"Chiefs",1997,0,3610000,3610000,3610000,3610000,1
"Chiefs",1998,0,575000,575000,575000,575000,1
"Chiefs",1999,0,702500,702500,702500,702500,1
"Chiefs",2000,0,830000,830000,830000,830000,1
"Chiefs",2001,0,945000,945000,945000,945000,1
"Chiefs",2002,0,6750000,6750000,6750000,6750000,1
"Chiefs",2003,0,4950000,4950000,4950000,4950000,1
"Chiefs",2004,0.324034334763948,1456250,1456250,2400000,512500,2
"Chiefs",2005,0.366814814814815,1875000,1920000,3400000,305000,3
"Chiefs",2006,0.350161992612311,3365208.33333333,3630625,6170000,425000,6
"Chiefs",2007,0.476575384081243,3600312.5,3175000,1.1e+07,367500,8
"Chiefs",2008,0.605955488052471,1619766.86666667,650000,6753250,46800,15
"Chiefs",2009,0.653125953516921,3034162.2,870000,1.6e+07,335250,15
"Chiefs",2010,0.579107302216734,4138485.26315789,1860000,13575000,395000,19
"Chiefs",2011,0.579978000635734,3846215.58064516,1835000,18975000,91200,31
"Chiefs",2012,0.612630282351834,2170329.45,540000,10838235,0,40
"Chiefs",2013,0.652054635606886,2234726.02816901,601083,1.6e+07,0,71
"Chiefs",2014,0.673891934036288,1726727.94117647,570000,1.9e+07,6300,85
"Chiefs",2015,0.678106097826058,1822696.29268293,569038,21500000,0,82
"Chiefs",2016,0.688902595899519,2003410.64285714,6e+05,1.5e+07,0,84
"Chiefs",2017,0.697390716125705,1934379.80434783,690000,20900000,0,92
"Chiefs",2018,0.666330373088218,2224659.55813953,646691,21800000,0,86
"Chiefs",2019,0.645064176238918,2254728.23170732,843919,2e+07,0,82
"Chiefs",2020,0.703003584278187,2200582.76744186,750000,24500000,0,86
"Colts",1994,0,6086000,6086000,6086000,6086000,1
"Colts",1995,0,1232500,1232500,1232500,1232500,1
"Colts",1996,0.129230383554776,1994500,1994500,2510000,1479000,2
"Colts",1997,0.23021582733813,1181500,1181500,1725500,637500,2
"Colts",1998,0.505443915015077,4827000,1972000,11744000,765000,3
"Colts",1999,0.115715823466093,1161250,1161250,1430000,892500,2
"Colts",2000,0.0189950447709293,11503000,11503000,11940000,11066000,2
"Colts",2001,0.335540838852097,2617333.33333333,2900000,4452000,5e+05,3
"Colts",2002,0.323844378740896,3466750,3472000,6298000,625000,4
"Colts",2003,0.50752688172043,4050150,3325000,11324000,351750,5
"Colts",2004,0.663762628676257,9573153,1375000,35035000,305000,5
"Colts",2005,0.538058698784258,3431833.33333333,1232500,9081000,380000,6
"Colts",2006,0.460525790613755,6279033.33333333,5150000,15100000,344000,9
"Colts",2007,0.544935213315676,4754444.44444444,3380000,15750000,360000,9
"Colts",2008,0.623063089117666,3755230.38461538,939000,15750000,138823,13
"Colts",2009,0.603376333405495,2617566.66666667,988500,1.4e+07,385000,15
"Colts",2010,0.652328149980914,2807401.63636364,1067500,15800000,83200,22
"Colts",2011,0.696530827674152,2312525.43243243,525000,26400000,0,37
"Colts",2012,0.681908353722823,1836043.57407407,540000,1.7e+07,11400,54
"Colts",2013,0.614731436348196,1804939.64556962,630000,15500000,23824,79
"Colts",2014,0.589117098620509,1484243.1686747,575000,1e+07,0,83
"Colts",2015,0.66966488349321,1896102.41860465,619000,1.8e+07,6600,86
"Colts",2016,0.714328406040512,2048072.73563218,6e+05,4.4e+07,13800,87
"Colts",2017,0.707190671472343,1510504.17391304,540000,1.3e+07,0,92
"Colts",2018,0.697212344359531,1584963.45054945,555000,1.8e+07,0,91
"Colts",2019,0.669717789207471,2260662.2962963,678457,14900000,16000,81
"Colts",2020,0.721225554552495,2572899.31707317,750000,2.5e+07,8400,82
"Cowboys",1989,0,3537000,3537000,3537000,3537000,1
"Cowboys",1990,0.0708154506437768,1165000,1165000,1330000,1e+06,2
"Cowboys",1991,0.266871165644172,815000,815000,1250000,380000,2
"Cowboys",1992,0.263358778625954,982500,982500,1500000,465000,2
"Cowboys",1993,0.105633802816901,8875000,8875000,10750000,7e+06,2
"Cowboys",1994,0.0569620253164557,1975000,1975000,2200000,1750000,2
"Cowboys",1995,0.358883079319168,5992666.66666667,3500000,12078000,2400000,3
"Cowboys",1996,0.46520746175145,5497666.66666667,4e+06,12001000,492000,3
"Cowboys",1997,0.475864038846044,1945000,1e+06,4500000,335000,3
"Cowboys",1998,0.226673879442546,4292999.66666667,5500000,5878999,1500000,3
"Cowboys",1999,0.30188679245283,8833333.33333333,6500000,1.6e+07,4e+06,3
"Cowboys",2000,0.173913043478261,3450000,3450000,4650000,2250000,2
"Cowboys",2001,0,5850000,5850000,5850000,5850000,1
"Cowboys",2002,0,6e+06,6e+06,6e+06,6e+06,1
"Cowboys",2003,0.562571493937314,2914000,895000,7612000,235000,3
"Cowboys",2004,0.584405615130388,2471805.66666667,305000,6805417,305000,3
"Cowboys",2005,0.446081703898231,1543309.57142857,7e+05,4e+06,380000,7
"Cowboys",2006,0.600227388565234,2040200.84615385,887500,7510000,102941,13
"Cowboys",2007,0.720567390176474,2170515,435000,17500000,67058,15
"Cowboys",2008,0.666110384269242,2264786.94444444,622500,12880000,88400,18
"Cowboys",2009,0.722593047424066,3021333.41666667,722500,26005001,385000,12
"Cowboys",2010,0.643769133096797,3059489.94736842,1176000,17078000,107768,19
"Cowboys",2011,0.651020677683261,2779088.58064516,828600,14032000,0,31
"Cowboys",2012,0.62666100689631,2348520.4047619,886112,11200000,0,42
"Cowboys",2013,0.677908109351081,2064243.12698413,645313,26500000,56471,63
"Cowboys",2014,0.656701979001834,1345739.025,570000,13500000,0,80
"Cowboys",2015,0.706892862539995,1808069.11494253,625000,2.3e+07,6600,87
"Cowboys",2016,0.621497816408949,1860209.75294118,750000,16800064,0,85
"Cowboys",2017,0.668472760629509,1755070.22891566,624620,14221000,0,83
"Cowboys",2018,0.655786387264321,1929361.62962963,705000,2.2e+07,22800,81
"Cowboys",2019,0.68990140824206,2289542.29761905,697500,31100000,16000,84
"Cowboys",2020,0.73010598749989,2546110.19354839,716736,31409000,0,93
"Dolphins",1983,0,150000,150000,150000,150000,1
"Dolphins",1984,0,250000,250000,250000,250000,1
"Dolphins",1985,0,350000,350000,350000,350000,1
"Dolphins",1986,0,3350000,3350000,3350000,3350000,1
"Dolphins",1987,0,5e+05,5e+05,5e+05,5e+05,1
"Dolphins",1988,0,1450000,1450000,1450000,1450000,1
"Dolphins",1989,0,1450000,1450000,1450000,1450000,1
"Dolphins",1990,0,1500000,1500000,1500000,1500000,1
"Dolphins",1991,0,4600000,4600000,4600000,4600000,1
"Dolphins",1992,0,3e+06,3e+06,3e+06,3e+06,1
"Dolphins",1993,0,3500000,3500000,3500000,3500000,1
"Dolphins",1994,0,3200000,3200000,3200000,3200000,1
"Dolphins",1995,0,3900000,3900000,3900000,3900000,1
"Dolphins",1996,0,8610000,8610000,8610000,8610000,1
"Dolphins",1997,0,3690000,3690000,3690000,3690000,1
"Dolphins",1998,0,5e+06,5e+06,5e+06,5e+06,1
"Dolphins",1999,0,6500000,6500000,6500000,6500000,1
"Dolphins",2003,0.328644501278772,2443750,2443750,4050000,837500,2
"Dolphins",2004,0.522395096652522,1178333.33333333,305000,3e+06,230000,3
"Dolphins",2005,0.422272767037005,466571.428571429,305000,1650000,166000,7
"Dolphins",2006,0.088888888888889,375000,425000,425000,275000,3
"Dolphins",2007,0.533199695552525,2130416.75,930000,6301667,360000,4
"Dolphins",2008,0.600858055070725,2202491.71428571,926000,7467919,104118,14
"Dolphins",2009,0.623400663764826,1851951.1,771446,1.6e+07,310000,20
"Dolphins",2010,0.576485698644915,2234503.17241379,1178500,9725000,32059,29
"Dolphins",2011,0.586477696448005,2678109.62162162,1063333,12476000,5700,37
"Dolphins",2012,0.55237699290774,2300175.42857143,927478,11200000,275294,42
"Dolphins",2013,0.618612923162374,2333675.93939394,782500,13746672,65294,66
"Dolphins",2014,0.640950319893614,1659745.6547619,576400,15050000,6300,84
"Dolphins",2015,0.742977932457942,1846693.48101266,534840,26500000,0,79
"Dolphins",2016,0.689398306649959,1943114.43209877,6e+05,23500000,0,81
"Dolphins",2017,0.668264938179009,2034789.7804878,678474,1.8e+07,14400,82
"Dolphins",2018,0.659443310138473,2211129.90123457,705000,17500000,30000,81
"Dolphins",2019,0.708003410966166,1502299.78431373,504500,15285641,16000,102
"Dolphins",2020,0.686741565576423,3017491.86046512,817500,2.6e+07,0,86
"Eagles",1999,0,11475000,11475000,11475000,11475000,1
"Eagles",2000,0,525000,525000,525000,525000,1
"Eagles",2001,0,639000,639000,639000,639000,1
"Eagles",2002,0.453526516375552,8069117.5,8069117.5,15388235,750000,2
"Eagles",2003,0,4e+06,4e+06,4e+06,4e+06,1
"Eagles",2004,0,1.1e+07,1.1e+07,1.1e+07,1.1e+07,1
"Eagles",2005,0.456616947000952,1260400,633000,4e+06,403000,5
"Eagles",2006,0.329908156046077,3337579.85714286,3350000,6350000,147059,7
"Eagles",2007,0.382457773062264,3250631.11111111,2635000,6785000,447180,9
"Eagles",2008,0.59080163377804,2505222.66666667,1e+06,14145000,247170,15
"Eagles",2009,0.59354322958114,3128998.09090909,1369500,12437500,310000,22
"Eagles",2010,0.611634967115951,3438166.5,1450000,14250000,320000,24
"Eagles",2011,0.64207320373313,2530548.42857143,776804,2e+07,66176,42
"Eagles",2012,0.628818534159879,2925440.11764706,825000,1.6e+07,34200,51
"Eagles",2013,0.605973799428385,2177056.56521739,725000,13223620,12000,69
"Eagles",2014,0.589596127002213,2008595.47058824,740000,1.2e+07,50000,85
"Eagles",2015,0.64593784836611,1901882.60674157,657354,13500000,6600,89
"Eagles",2016,0.689568457228821,2737490.01149425,675000,27299000,26471,87
"Eagles",2017,0.617654360404874,2416378.25,842500,16250000,7200,84
"Eagles",2018,0.642193704447163,2176567.27058824,697059,11500000,10000,85
"Eagles",2019,0.674644484527342,2930572.05063291,720000,17087683,0,79
"Eagles",2020,0.720448561996264,2906627.83146067,750000,39383000,0,89
"Falcons",1989,0,2450000,2450000,2450000,2450000,1
"Falcons",1990,0,550000,550000,550000,550000,1
"Falcons",1991,0.0220588235294117,680000,680000,710000,650000,2
"Falcons",2001,0.40269001624842,2769500,2769500,5e+06,539000,2
"Falcons",2002,0.467741935483871,4650000,4650000,9e+06,3e+05,2
"Falcons",2003,0.39733438902085,1894500,1894500,3400000,389000,2
"Falcons",2004,0.585977964887826,3523931.33333333,2162500,12500000,40588,6
"Falcons",2005,0.618696927306771,6120071.42857143,1380000,23100000,70500,7
"Falcons",2006,0.610014308917936,4040312.5,1655000,15500000,275000,8
"Falcons",2007,0.520402096657217,1428538.5,690000,4e+06,0,12
"Falcons",2008,0.571853514926682,1646673.75,848990,6600000,0,16
"Falcons",2009,0.659408343364902,2935511.76190476,490600,17900000,219118,21
"Falcons",2010,0.579515702672296,2662009.32,903500,1.2e+07,395000,25
"Falcons",2011,0.598871332659267,3492909.09090909,1012500,1.3e+07,96900,33
"Falcons",2012,0.561216614386937,2212466.30434783,670625,11500000,276000,46
"Falcons",2013,0.66625442202036,2095763.703125,608370,3e+07,23824,64
"Falcons",2014,0.665302118853452,2052719.34615385,695618,21500000,6300,78
"Falcons",2015,0.661942237902348,1707503.24,585000,2.2e+07,6600,75
"Falcons",2016,0.659740732034701,1787920.92405063,675000,15750000,0,79
"Falcons",2017,0.664808049598708,2392347.16216216,690000,16526000,0,74
"Falcons",2018,0.710507494795479,2807568.12820513,904700,52500000,15200,78
"Falcons",2019,0.718741038185719,2896300.03614458,805000,26500000,8000,83
"Falcons",2020,0.686531394761307,2549129.08974359,872941.5,22200000,8400,78
"Giants",1991,0,360000,360000,360000,360000,1
"Giants",1992,0,240000,240000,240000,240000,1
"Giants",1993,0.156084656084656,472500,472500,620000,325000,2
"Giants",1994,0,212500,212500,212500,212500,1
"Giants",1995,0,255000,255000,255000,255000,1
"Giants",1996,0,4850000,4850000,4850000,4850000,1
"Giants",1997,0,1700000,1700000,1700000,1700000,1
"Giants",1998,0,2900000,2900000,2900000,2900000,1
"Giants",1999,0,12400000,12400000,12400000,12400000,1
"Giants",2000,0,4600000,4600000,4600000,4600000,1
"Giants",2001,0,7e+06,7e+06,7e+06,7e+06,1
"Giants",2002,0.649380826886565,3921000,225000,11498000,40000,3
"Giants",2003,0.619702434625789,2772500,845000,9100000,3e+05,4
"Giants",2004,0.335292060160896,3430800,3e+06,6450000,305000,5
"Giants",2005,0.519180246348558,3246271.42857143,1840000,9305000,79900,7
"Giants",2006,0.601433790221235,2138562.5,879812.5,10150000,325000,10
"Giants",2007,0.62298234747843,3184672.5,1002500,15950000,321725,10
"Giants",2008,0.579296135427108,4489500,1350000,14890000,370000,10
"Giants",2009,0.601658320586997,4337019.6,2100000,20500000,45294,15
"Giants",2010,0.523888612616702,4106696.3125,2912500,19500000,0,16
"Giants",2011,0.559468076711937,2813154.18181818,950252,9614000,96900,33
"Giants",2012,0.595491664862492,2335610.2173913,787826,11250000,22941,46
"Giants",2013,0.615133195328852,1751658.89855072,715000,13550000,23824,69
"Giants",2014,0.642861144278378,1407404.23655914,612800,15650000,6300,93
"Giants",2015,0.71981571291886,1794158.90217391,527500,3.7e+07,6600,92
"Giants",2016,0.703857060303257,2094465.46341463,688774,2.9e+07,6900,82
"Giants",2017,0.711157059354585,1772409.44554455,540000,22500000,7200,101
"Giants",2018,0.732968679144188,2060503.11494253,555000,2.2e+07,7600,87
"Giants",2019,0.702888623882584,2189799.75949367,645000,17179768,8000,79
"Giants",2020,0.686391382476286,2392617.51764706,750000,21694064,0,85
"Jaguars",1995,0.539485652857025,2687333.33333333,8e+05,6893000,369000,3
"Jaguars",1996,0.301236685967546,777166.666666667,950000,1217500,164000,3
"Jaguars",1997,0.558695259477175,4305666.66666667,1442000,11150000,325000,3
"Jaguars",1998,0.142880102860816,2333250,2333250,3e+06,1666500,2
"Jaguars",1999,0.0615289295586693,5245500,5245500,5891000,4600000,2
"Jaguars",2000,0.236073856902252,4007750,4007750,5900000,2115500,2
"Jaguars",2001,0.208333333333333,6e+06,6e+06,8500000,3500000,2
"Jaguars",2002,0,6250000,6250000,6250000,6250000,1
"Jaguars",2003,0,6750000,6750000,6750000,6750000,1
"Jaguars",2004,0,2102000,2102000,2102000,2102000,1
"Jaguars",2005,0.0596330275229358,272500,272500,305000,240000,2
"Jaguars",2006,0.385871022814972,514338.166666667,367500,1030000,48529,6
"Jaguars",2007,0.580019465533955,2835203.5,1384337.5,10510000,169412,8
"Jaguars",2008,0.380036025217652,832750,6e+05,3140000,370000,10
"Jaguars",2009,0.614416831546581,1866573.125,699975,13150000,189412,16
"Jaguars",2010,0.613884693462182,2266853.25,547500,13997500,320000,20
"Jaguars",2011,0.622720547495109,2802304.78571429,765554,12382500,242647,28
"Jaguars",2012,0.58896474017617,1955628.64583333,577750,9025000,22941,48
"Jaguars",2013,0.663272470439679,1327376.49350649,533820,14204344,12000,77
"Jaguars",2014,0.648581812973612,1446668.325,523526,13761672,0,80
"Jaguars",2015,0.671732528653445,1683416.53488372,580969,15778812,0,86
"Jaguars",2016,0.674348645527546,2021610.63218391,6e+05,1.8e+07,6900,87
"Jaguars",2017,0.706602207205817,1935208.84042553,615000,18351096,0,94
"Jaguars",2018,0.731448001298558,2319927.48351648,630000,2e+07,0,91
"Jaguars",2019,0.731248581241681,2200142.04494382,570000,30125000,16000,89
"Jaguars",2020,0.671472106323755,1568113.82978723,675000,1.5e+07,16800,94
"Jets",0,0,480000,480000,480000,480000,1
"Jets",1998,0.100725952813067,6887500,6887500,8275000,5500000,2
"Jets",1999,0.0966511588918227,2651000,2400000,3353000,2200000,3
"Jets",2000,0.107133546558912,3605727.5,3662005,4358900,2740000,4
"Jets",2001,0.39463900569112,2674130.8,2800000,5364800,298000,5
"Jets",2002,0.532656898501242,4711745.66666667,2099328,13500000,336750,6
"Jets",2003,0.401365003304337,2580783.33333333,2572500,5250000,3e+05,6
"Jets",2004,0.67439293598234,4152500,1140000,1.9e+07,380000,6
"Jets",2005,0.418101748070769,2956666.625,2475000,6666000,318000,8
"Jets",2006,0.556530867506477,2487333.33333333,1329500,9040000,4e+05,6
"Jets",2007,0.487664189204233,1946849.66666667,1397500,5319000,287000,9
"Jets",2008,0.608701526784491,4474045.35714286,1542500,15707500,88400,14
"Jets",2009,0.58010462607907,2839097.0625,1292500,9823529,218824,16
"Jets",2010,0.580690892425616,2906120.2173913,1345000,16455000,240000,23
"Jets",2011,0.704588615301716,3332619.63636364,559248,2.5e+07,0,33
"Jets",2012,0.622832584534089,2247052.09090909,540000,11750000,0,44
"Jets",2013,0.616127194706632,1471437.61333333,588235,1.1e+07,24000,75
"Jets",2014,0.593824619188226,1387784.76,645000,1e+07,12600,75
"Jets",2015,0.642943148961292,1995070.14285714,825000,1.6e+07,13200,77
"Jets",2016,0.728714867957995,1852427.08888889,534398,2.2e+07,0,90
"Jets",2017,0.676448642059871,1607335.84615385,610060,1.5e+07,0,91
"Jets",2018,0.689767947558915,2285796.26136364,681240,2.6e+07,15200,88
"Jets",2019,0.685627163524819,2000756.74489796,659912,22172724,16000,98
"Jets",2020,0.647402799572637,1715430.48421053,750000,11585304,25200,95
"Lions",1989,0,2600000,2600000,2600000,2600000,1
"Lions",1990,0,620000,620000,620000,620000,1
"Lions",1991,0,1140000,1140000,1140000,1140000,1
"Lions",1992,0,920000,920000,920000,920000,1
"Lions",1993,0,3825000,3825000,3825000,3825000,1
"Lions",1994,0,2975000,2975000,2975000,2975000,1
"Lions",1995,0,2933000,2933000,2933000,2933000,1
"Lions",1996,0,4346500,4346500,4346500,4346500,1
"Lions",1997,0,12400000,12400000,12400000,12400000,1
"Lions",1998,0,2e+06,2e+06,2e+06,2e+06,1
"Lions",2003,0,768500,768500,768500,768500,2
"Lions",2004,0,305000,305000,305000,305000,2
"Lions",2005,0,380000,380000,380000,380000,2
"Lions",2006,0.226420375034985,2382000,1573000,4e+06,1573000,3
"Lions",2007,0.324310026727884,8759859.25,10393218.5,13625000,628000,4
"Lions",2008,0.487737651752975,2716678.625,1697500,9883438,431100,8
"Lions",2009,0.53593358857186,1823120.45454545,855000,6580125,385000,11
"Lions",2010,0.61496256710825,4803109,2899125,26900000,139412,18
"Lions",2011,0.634301388805037,3154247.22222222,1372584,25909706,26471,27
"Lions",2012,0.654749880369421,2674640.125,881806,21750000,0,40
"Lions",2013,0.707585147293504,2517206.13235294,872500,31500000,0,68
"Lions",2014,0.605873316704626,1393832.44155844,645423,12675000,18900,77
"Lions",2015,0.626531551652683,1474020.64556962,619356,1.3e+07,19800,79
"Lions",2016,0.671241861189152,1906271.5,6e+05,1.7e+07,0,84
"Lions",2017,0.73983030237609,2467793.59090909,615000,5.1e+07,0,88
"Lions",2018,0.683465286550028,2064429.80232558,648500,17143000,7600,86
"Lions",2019,0.723196214068537,2251440.68539326,645000,28875000,8000,89
"Lions",2020,0.700190917854085,2427134.65517241,750000,22554380,12000,87
"Titans",1995,0,6283000,6283000,6283000,6283000,1
"Titans",1996,0,1228750,1228750,1228750,1228750,1
"Titans",1997,0,1474500,1474500,1474500,1474500,1
"Titans",1998,0,4320250,4320250,4320250,4320250,1
"Titans",1999,0,4666000,4666000,4666000,4666000,1
"Titans",2000,0,5011750,5011750,5011750,5011750,1
"Titans",2001,0,10500000,10500000,10500000,10500000,1
"Titans",2002,0.148911212155599,6164171.5,6164171.5,8e+06,4328343,2
"Titans",2003,0.202302052487781,3737708,3737708,5250000,2225416,2
"Titans",2004,0.519469908818632,2673670,771000,6750010,5e+05,3
"Titans",2005,0.605505446566888,1946792.71428571,6e+05,7500000,223529,7
"Titans",2006,0.585576494175737,1993578.25,675375.5,7972500,317875,8
"Titans",2007,0.610822487011915,1480925.09090909,435000,5553334,0,11
"Titans",2008,0.531610529644639,3881191.46153846,3025010,13500000,40882,13
"Titans",2009,0.484590095440255,2126621.86666667,1230000,7800000,385000,15
"Titans",2010,0.436549635994818,1806876.75,1071625,4769500,379400,20
"Titans",2011,0.573120266799409,2608941.06451613,830400,1.3e+07,420896,31
"Titans",2012,0.628004148490958,2355934.60526316,660500,1.2e+07,34200,38
"Titans",2013,0.57165723432775,2020505.92307692,897500,1.3e+07,47647,65
"Titans",2014,0.64125710858014,1549604.09195402,645000,1.3e+07,6300,87
"Titans",2015,0.618816644713572,1709261.91358025,680000,16305164,13200,81
"Titans",2016,0.570405167298453,1943999.36842105,1123530,10211932,6900,76
"Titans",2017,0.610583762713411,2374720.61842105,1085644,17073908,0,76
"Titans",2018,0.670596463624564,2368600.28571429,776229,19500000,0,84
"Titans",2019,0.676538734104881,2828317.98795181,786077,20922000,8000,83
"Titans",2020,0.726071405422555,2464055.20224719,714706,37500000,0,89
"Packers",1992,0,335000,335000,335000,335000,1
"Packers",1993,0.194319206492335,277250,277250,385000,169500,2
"Packers",1994,0.469824746343392,2371562.5,2371562.5,4600000,143125,2
"Packers",1995,0,2900000,2900000,2900000,2900000,1
"Packers",1996,0,3600000,3600000,3600000,3600000,1
"Packers",1997,0,13600000,13600000,13600000,13600000,1
"Packers",1998,0.451503990178023,1629000,1629000,3100000,158000,2
"Packers",1999,0.445054945054945,2275000,2275000,4300000,250000,2
"Packers",2000,0,5350000,5350000,5350000,5350000,1
"Packers",2001,0,15477000,15477000,15477000,15477000,1
"Packers",2002,0.122475856014047,2847500,2847500,3545000,2150000,2
"Packers",2003,0.286666666666667,3750000,3750000,5900000,1600000,2
"Packers",2004,0.6738278421881,2327353,310000,8500000,189412,4
"Packers",2005,0.629980732177264,2595000,515000,9500000,305000,5
"Packers",2006,0.443574855054713,4740318.18181818,3360000,10500000,23500,11
"Packers",2007,0.604863339706962,2981033.33333333,1027250,12216250,310000,15
"Packers",2008,0.556259503977983,2288677.77777778,1250250,12900000,370000,18
"Packers",2009,0.587493836626586,2781750.20833333,1201875,16275000,313000,24
"Packers",2010,0.615420070069498,2868344.02941176,1138500,13043000,23235,34
"Packers",2011,0.617828214360861,2383018.89361702,6e+05,10962500,0,47
"Packers",2012,0.613132977933414,1754867.79365079,540000,10937500,0,63
"Packers",2013,0.697885537871242,2185149.06493506,630000,4e+07,23824,77
"Packers",2014,0.668299359398418,1707800.9625,570000,14937500,12600,80
"Packers",2015,0.644244164706929,1980100.68,598791,15100000,26400,75
"Packers",2016,0.681950508379622,1821540.58441558,6e+05,16700000,0,77
"Packers",2017,0.718306347050124,2056387.56470588,540000,20650000,7200,85
"Packers",2018,0.787502805476343,2209146.39130435,555000,66900000,7600,92
"Packers",2019,0.707105902062258,3011006.35443038,661056,29260000,40000,79
"Packers",2020,0.731045408558023,2359737.36956522,699344,37052942,0,92
"Panthers",2001,0,709000,709000,709000,709000,1
"Panthers",2002,0.472173907730309,5073529.5,5073529.5,9864706,282353,2
"Panthers",2003,0.338855305861904,3611833.33333333,4550000,5896500,389000,3
"Panthers",2004,0.282180410088465,5394500,5833500,8600000,1750000,3
"Panthers",2005,0.597265076024348,1631300,771000,6315000,79900,9
"Panthers",2006,0.59334208552138,2915937.5,1259500,10865000,308500,8
"Panthers",2007,0.528676888131743,2935000,1382500,10300000,285000,12
"Panthers",2008,0.626657520633303,2269768.125,931250,10735000,88400,16
"Panthers",2009,0.676578222816777,2884197.22222222,602500,18183000,36400,18
"Panthers",2010,0.584701715630594,2168299.26315789,1010000,14500000,395000,19
"Panthers",2011,0.733326654183263,3988469.05,620256,3.4e+07,44118,40
"Panthers",2012,0.619871873259358,1896787.64583333,602000,1.1e+07,0,48
"Panthers",2013,0.556549617901785,1350014.79452055,630000,1e+07,96000,73
"Panthers",2014,0.629609860918803,1369942.62962963,570000,13116000,12600,81
"Panthers",2015,0.696496474370857,2071266.91139241,745000,3.1e+07,0,79
"Panthers",2016,0.68592035396988,1628168.63529412,6e+05,2.3e+07,0,85
"Panthers",2017,0.700994338065684,2174770.44444444,615000,2.6e+07,0,90
"Panthers",2018,0.654445480989583,2113041.94252874,823529,1.5e+07,15200,87
"Panthers",2019,0.694725314794054,2249571.48837209,633920,23252000,8000,86
"Panthers",2020,0.703680754037416,2309956.88372093,750000,2.4e+07,7500,86
"Patriots",1993,0,5525000,5525000,5525000,5525000,1
"Patriots",1994,0,1281250,1281250,1281250,1281250,1
"Patriots",1995,0.558543975428548,5354000,1719000,13900000,443000,3
"Patriots",1996,0.466894009997458,590150,362800,1500000,135000,4
"Patriots",1997,0.530594265577447,936450,435400,2700000,175000,4
"Patriots",1998,0.600980182872594,1405350,481700,4500000,158000,4
"Patriots",1999,0.421473981634095,7078333.33333333,5260000,14700000,1275000,3
"Patriots",2000,0.542470984859359,2266036.75,1246323.5,6340000,231500,4
"Patriots",2001,0.508488995746255,4325600,3250000,11400000,328000,5
"Patriots",2002,0.143792325056433,3544000,3875000,4800000,2225000,5
"Patriots",2003,0.470257943352114,3623750,2237500,9125000,562500,6
"Patriots",2004,0.44711855104281,2846875,2437500,7e+06,340000,8
"Patriots",2005,0.558385011949376,3549955.55555556,2509000,1.6e+07,284000,9
"Patriots",2006,0.672502045978722,3494660,728300,1.6e+07,350000,10
"Patriots",2007,0.597339986028899,3224746.15384615,6e+05,12700000,91700,13
"Patriots",2008,0.681510885436371,2332901.93333333,6e+05,1.4e+07,65294,15
"Patriots",2009,0.579093051133559,2012649.85,860000,9600000,208562,20
"Patriots",2010,0.671993206792361,3585757.22727273,1269853,26500000,245894,22
"Patriots",2011,0.650414018805733,2262350.26666667,931000,21500000,22059,30
"Patriots",2012,0.608529893302359,2385017.74358974,929800,13350000,22941,39
"Patriots",2013,0.666951571774815,1822439.88405797,642984,3.1e+07,0,69
"Patriots",2014,0.608563712553925,1332517.4125,570000,1.2e+07,0,80
"Patriots",2015,0.67650088470837,1673015.93181818,639375,17937500,6600,88
"Patriots",2016,0.640532314606896,1941340.61842105,705859,28764706,6900,76
"Patriots",2017,0.648397415409914,1949163.11111111,826812,22906250,0,90
"Patriots",2018,0.610984295760922,2021697.55172414,790000,1.5e+07,0,87
"Patriots",2019,0.603840119552622,2317474.27710843,992180,2.3e+07,24000,83
"Patriots",2020,0.634738921000745,1571363.27,707028.5,14781000,0,100
"Raiders",1998,0,8750000,8750000,8750000,8750000,2
"Raiders",1999,0,887500,887500,887500,887500,2
"Raiders",2000,0.252370721588383,1687250,1975000,2535000,264000,4
"Raiders",2001,0.354450097355694,1592100,1500000,2762500,298000,5
"Raiders",2002,0.140296935874487,1899400,1900000,2450000,1322000,5
"Raiders",2003,0.392280302679093,1873109.28571429,2250000,3575000,211765,7
"Raiders",2004,0.505180510080992,3789714.28571429,2511000,8781000,240000,7
"Raiders",2005,0.472829543647639,4716750,3275000,10537000,305000,8
"Raiders",2006,0.58593446444761,2363571.42857143,1100000,8250000,0,7
"Raiders",2007,0.375235296660795,1686020,1350000,4900000,360000,11
"Raiders",2008,0.590211899260153,5562514.83333333,2562500,20275000,17353,12
"Raiders",2009,0.632135656560769,4008468.47368421,1910000,20417500,36471,19
"Raiders",2010,0.64107839608462,3116518.66666667,1025422.5,16592000,282353,24
"Raiders",2011,0.600287252339593,2728381.29411765,1070688,16250000,370588,34
"Raiders",2012,0.640105085474462,1825859.63829787,562973,1.5e+07,0,47
"Raiders",2013,0.560287311492212,1344883.8,555000,9500000,28441,70
"Raiders",2014,0.63078242201629,1469983.06976744,570000,12323272,6300,86
"Raiders",2015,0.640699873814228,1667718.46987952,660000,15177268,6600,83
"Raiders",2016,0.658697176818391,2100413.9375,675000,13500000,0,80
"Raiders",2017,0.677102372949996,2223176.84146341,652500,25175000,0,82
"Raiders",2018,0.702539774815682,1690907.27,572000,22500000,0,100
"Raiders",2019,0.713905925391037,2171838.10989011,666152,21322864,8000,91
"Raiders",2020,0.679329508646111,2926246.51162791,926152,21500000,25200,86
"Rams",1993,0,2355000,2355000,2355000,2355000,1
"Rams",1994,0,443750,443750,443750,443750,1
"Rams",1995,0,532500,532500,532500,532500,1
"Rams",1997,0.478989598400516,3653428.5,3653428.5,7153337,153520,2
"Rams",1998,0.369385541640799,604833.5,604833.5,1051667,158000,2
"Rams",1999,0.512014234427159,3969250,3006000,9600000,265000,4
"Rams",2000,0.524655613799829,4101500,2075000,11858000,398000,4
"Rams",2001,0.213064736945042,2045200,2200000,3050000,1115000,5
"Rams",2002,0.479004329004329,4331250,2550000,11595000,630000,4
"Rams",2003,0.511730871477597,4137800,2144000,11400000,655000,5
"Rams",2004,0.290746101410029,4283600,4805000,7021000,882000,5
"Rams",2005,0.662306563906145,3449314.25,866441,1.8e+07,258250,8
"Rams",2006,0.525322588871322,1000357.14285714,502500,4e+06,275000,7
"Rams",2007,0.439064089521872,1755357.14285714,1320000,4100000,385000,7
"Rams",2008,0.542353841096445,3163680,1553950,1.2e+07,460000,10
"Rams",2009,0.685877143537668,2540638.75,785000,16585000,200588,12
"Rams",2010,0.64219074995289,2983366.5625,823750,20570000,332500,16
"Rams",2011,0.698773082663831,3599009.80952381,650000,26845000,91200,21
"Rams",2012,0.640505078458937,1950965.41176471,540000,1.2e+07,34200,51
"Rams",2013,0.6654577439056,1922489.77941176,580750,1.4e+07,18000,68
"Rams",2014,0.68426502336462,1910058.41025641,577775.5,14219344,12600,78
"Rams",2015,0.662983444170466,1628500.86746988,585000,15788756,13200,83
"Rams",2016,0.704348514775152,1712812.57647059,575575,18968308,0,85
"Rams",2017,0.690790563606576,2107970.53947368,639602,16742400,7200,76
"Rams",2018,0.736093581528408,2899419.14285714,630000,40892000,0,77
"Rams",2019,0.714148416541853,2370825.72727273,645000,27459000,24000,77
"Rams",2020,0.724332517273533,2513283.4375,686204,31042682,25200,80
"Ravens",1996,0.310810810810811,4625000,4625000,7500000,1750000,2
"Ravens",1997,0.131004366812227,572500,572500,722500,422500,2
"Ravens",1998,0.0944979794839913,3217000,3217000,3825000,2609000,2
"Ravens",1999,0.294869666279263,3011500,3011500,4787500,1235500,2
"Ravens",2000,0.298412698412698,8750000,5e+06,16500000,4750000,3
"Ravens",2001,0.390804597701149,2416666.66666667,2e+06,4750000,5e+05,3
"Ravens",2002,0.222791293213828,6508333.33333333,5e+06,10525000,4e+06,3
"Ravens",2003,0.46743157142329,4057150,4150000,9975000,443750,5
"Ravens",2004,0.517707702578912,3286071.42857143,1500000,10660000,305000,7
"Ravens",2005,0.585316174428294,3030892.85714286,685000,10665000,380000,7
"Ravens",2006,0.448324009431782,4325800,3920000,1.2e+07,425000,10
"Ravens",2007,0.343683270011355,3977823.07692308,5025000,6595000,360000,13
"Ravens",2008,0.588699721052662,1901364.70588235,1005000,8475000,88400,17
"Ravens",2009,0.671712338823736,2337225.08333333,831635,15100000,88400,24
"Ravens",2010,0.611586508065762,3305686.88461538,1562000,24900000,348529,26
"Ravens",2011,0.666348484893811,2640913.05263158,630000,27100000,0,38
"Ravens",2012,0.630585466775737,2558507.87755102,865000,1.7e+07,0,49
"Ravens",2013,0.638992282848626,2083998.65151515,694348,3e+07,0,66
"Ravens",2014,0.727290035318662,1683594.80434783,495000,2.1e+07,6300,92
"Ravens",2015,0.670331403495885,1444946.19791667,555000,1.4e+07,6600,96
"Ravens",2016,0.699342432920995,2007150.98913043,6e+05,4.4e+07,0,92
"Ravens",2017,0.637052470828721,1600639.55913978,630750,1.6e+07,0,93
"Ravens",2018,0.639462502839782,1889164.14457831,630000,1.2e+07,22800,83
"Ravens",2019,0.684183820339936,2215383.74117647,645000,2.2e+07,0,85
"Ravens",2020,0.713970736765477,2372442.14444444,750000,30866000,0,90
"Washington",1999,0,5792000,5792000,5792000,5792000,1
"Washington",2000,0.41388022793248,4650500,4650500,8500000,801000,2
"Washington",2001,0,1235000,1235000,1235000,1235000,1
"Washington",2002,0,1669000,1669000,1669000,1669000,1
"Washington",2003,0.438839285714286,1120000,1120000,2103000,137000,2
"Washington",2004,0.388493680898244,7607058.66666667,9360000,13380000,81176,3
"Washington",2005,0.467119371215905,1356226.85714286,1190000,3540000,40588,7
"Washington",2006,0.551898427412179,3260333.33333333,3585000,8910000,4700,9
"Washington",2007,0.56085969501061,3039450,1938500,11410000,285000,10
"Washington",2008,0.621510357791449,1965442.92857143,714425,10430500,78529,14
"Washington",2009,0.536462866956864,3078465.41176471,1402500,1.1e+07,109412,17
"Washington",2010,0.663808047128395,4805647.33333333,959250,23752941,112941,24
"Washington",2011,0.637301613155663,2506052.325,753626,13504471,22059,40
"Washington",2012,0.630513557305711,2178878.34545455,7e+05,14189344,22800,55
"Washington",2013,0.520024321966435,1286781.92,630000,6e+06,6000,75
"Washington",2014,0.6634709376545,1588813.61728395,580041,11455000,6300,81
"Washington",2015,0.677560977579379,1859847.19318182,595000,19038000,6600,88
"Washington",2016,0.703089353207814,1948258.8875,6e+05,2e+07,6900,80
"Washington",2017,0.722796843637433,1869805.44329897,612180,23943600,0,97
"Washington",2018,0.746738063381443,1884453.13541667,555000,4e+07,7600,96
"Washington",2019,0.702611905866641,1876193.93548387,638235,15825000,16000,93
"Washington",2020,0.709159499787361,2202810.60215054,681451,23307160,0,93
"Saints",2004,0,3050000,3050000,3050000,3050000,1
"Saints",2005,0.496157095745551,1834550,1834550,3655000,14100,2
"Saints",2006,0.658745890778795,2140247.4,560650,1e+07,105600,10
"Saints",2007,0.699033419051735,2896435,595860,1.5e+07,290000,12
"Saints",2008,0.619749064429754,2562341,482500,12700000,104706,16
"Saints",2009,0.589851727016424,2444106.75,1470000,10001000,18235,20
"Saints",2010,0.5984217273637,3508336.52173913,1759000,19200000,60000,23
"Saints",2011,0.531994994226629,2413564.67647059,1046661.5,1e+07,62700,34
"Saints",2012,0.664939933177982,3125487.60416667,719276,4e+07,32941,48
"Saints",2013,0.589855287254409,1644241.58571429,727500,1e+07,0,70
"Saints",2014,0.675109136285132,1548157.75949367,548324,1.3e+07,6300,79
"Saints",2015,0.697129050697656,1614393.63953488,524866,1.9e+07,6600,86
"Saints",2016,0.689975089384372,1813586.36046512,617647,31250000,0,86
"Saints",2017,0.679080373030915,1634539.22826087,540000,1.3e+07,0,92
"Saints",2018,0.680430529323738,2107777.27848101,630000,2.7e+07,0,79
"Saints",2019,0.68594487498677,2495279.9,703976,2.3e+07,8000,80
"Saints",2020,0.696379139982879,2714388.97802198,809000,2.5e+07,0,91
"Seahawks",1994,0,7e+05,7e+05,7e+05,7e+05,1
"Seahawks",1995,0,312500,312500,312500,312500,1
"Seahawks",1996,0,375000,375000,375000,375000,1
"Seahawks",1997,0.422520661157025,2662000,2662000,4911500,412500,2
"Seahawks",1998,0,722187,722187,722187,722187,1
"Seahawks",1999,0,866625,866625,866625,866625,1
"Seahawks",2000,0.0967269770200788,3487479.33333333,3844438,4068000,2550000,3
"Seahawks",2001,0.432556583788605,2690700,1600000,6500000,498000,5
"Seahawks",2002,0.263043955296949,3354044,3920588,5e+06,575000,4
"Seahawks",2003,0.303274877109074,3763500,4250000,5904000,650000,4
"Seahawks",2004,0.362967033413336,3802776.33333333,3450000,7084800,873529,3
"Seahawks",2005,0.196437564403536,14341000,17700000,1.9e+07,6323000,3
"Seahawks",2006,0.437186284906327,5658000,4e+06,15125000,665000,5
"Seahawks",2007,0.414677066874243,2744500.42857143,2750000,6e+06,360000,7
"Seahawks",2008,0.556252034602062,1920924.09090909,736500,6750000,295000,11
"Seahawks",2009,0.503883776873129,1857687.5,1335000,6250000,385000,16
"Seahawks",2010,0.639814964148429,2254631.17391304,880000,20451250,69706,23
"Seahawks",2011,0.669426800485572,1796648.19565217,522938,16600000,22800,46
"Seahawks",2012,0.609843392717529,2270592.45283019,540000,1e+07,5700,53
"Seahawks",2013,0.637286277771272,1906475.52857143,555000,14500000,36000,70
"Seahawks",2014,0.694149104863801,1588420.97701149,570000,14225000,0,87
"Seahawks",2015,0.730502515908626,1830908.51807229,577133,31700000,6600,83
"Seahawks",2016,0.715175108667845,1692534.18947368,525000,12687500,0,95
"Seahawks",2017,0.67566832016162,1913553.89473684,615000,13182817,14400,95
"Seahawks",2018,0.67928276647859,2065097.40909091,630000,15500000,0,88
"Seahawks",2019,0.732804848933881,2674001.7826087,720000,7e+07,0,92
"Seahawks",2020,0.659513157337789,2059969.76923077,750000,1.8e+07,0,91
"Steelers",1992,0,665000,665000,665000,665000,1
"Steelers",1993,0,425000,425000,425000,425000,1
"Steelers",1994,0,385000,385000,385000,385000,1
"Steelers",1995,0,1700000,1700000,1700000,1700000,1
"Steelers",1996,0.220315137872819,1110625,1110625,1600000,621250,2
"Steelers",1997,0.305555555555556,3600000,3600000,5800000,1400000,2
"Steelers",1998,0.25364758698092,3960000,2800000,6800000,2280000,3
"Steelers",1999,0.304942166140904,2641666.66666667,2800000,4375000,750000,3
"Steelers",2000,0.282945736434109,2866666.66666667,3200000,4525000,875000,3
"Steelers",2001,0.339263803680982,4075000,4075000,6840000,1310000,2
"Steelers",2002,0.663495242627908,1864138.4,252750,6525000,26471,5
"Steelers",2003,0.371194610604565,1721900,2174000,2990000,145000,5
"Steelers",2004,0.522329830614805,1594000,890000,4455000,230000,8
"Steelers",2005,0.644071992984381,1886312.81818182,656000,9494000,23500,11
"Steelers",2006,0.397372095561014,2142113.42857143,1811500,5585000,145588,14
"Steelers",2007,0.541249363082508,2327929.41176471,1399000,11575000,360000,17
"Steelers",2008,0.647559682391333,3506088.23529412,1417000,27700000,370000,17
"Steelers",2009,0.593375354003724,3232246.875,1121337.5,13350000,0,24
"Steelers",2010,0.536144922217162,2669394.65384615,1282000,9248000,0,26
"Steelers",2011,0.632702517853065,3407020.19444444,838100,18100000,0,36
"Steelers",2012,0.614965389087963,2396792.97916667,755562.5,15650000,0,48
"Steelers",2013,0.604642698265486,1520887.43661972,630000,11600000,0,71
"Steelers",2014,0.639691094952282,1978751.5,795000,1.4e+07,18900,70
"Steelers",2015,0.669460262516779,1854513.13793103,745000,35250000,30000,87
"Steelers",2016,0.690224691786732,1769544.94117647,6e+05,18070000,0,85
"Steelers",2017,0.660652175195525,2252210.09459459,625385.5,19910000,0,74
"Steelers",2018,0.662199926516363,2181273.65853659,673358.5,1.7e+07,0,82
"Steelers",2019,0.725590404037368,2614121.96296296,658267,4.5e+07,8000,81
"Steelers",2020,0.690620506803624,2154448.51724138,750000,21750000,0,87
"Texans",2002,0.125523012552301,9560000,9560000,11960000,7160000,2
"Texans",2003,0.233675715333822,6815000,6815000,1e+07,3630000,2
"Texans",2004,0.283565253401284,3375875.75,3905501.5,5032500,660000,4
"Texans",2005,0.47771248660276,5166875.75,3006251.5,13500000,1155000,4
"Texans",2006,0.525269067266233,3103801,1502001.5,8050000,56405,8
"Texans",2007,0.638307361304647,3497849,510000,12975000,67059,9
"Texans",2008,0.538303460443482,3463750,2627500,11175000,370000,12
"Texans",2009,0.611705390463636,4048259.54545455,1632500,1.7e+07,127647,22
"Texans",2010,0.600618857843189,2887274.1,954300,14500000,110588,30
"Texans",2011,0.613029901007535,2944943.07317073,8e+05,1.8e+07,123529,41
"Texans",2012,0.684094369821074,2728894.24528302,715000,22450000,57000,53
"Texans",2013,0.63895182443094,1455020.02666667,555000,10500000,0,75
"Texans",2014,0.688506180194238,1503464.04651163,570000,14938544,12600,86
"Texans",2015,0.691273614975975,1942222.55294118,585000,19969000,6600,85
"Texans",2016,0.667380220831577,1931596.81521739,604615,2.1e+07,20700,92
"Texans",2017,0.703647737196547,1561665.78787879,534216,2.4e+07,0,99
"Texans",2018,0.65234717280301,2243263.73255814,747500,13306000,0,86
"Texans",2019,0.622645678150333,2342500.83908046,871522,13750000,0,87
"Texans",2020,0.70446090220846,2753477.04347826,750000,29354247,24000,92
"Vikings",1990,0,65000,65000,65000,65000,1
"Vikings",1991,0,2e+05,2e+05,2e+05,2e+05,1
"Vikings",1992,0,4e+05,4e+05,4e+05,4e+05,1
"Vikings",1993,0,860000,860000,860000,860000,1
"Vikings",1994,0,1050000,1050000,1050000,1050000,1
"Vikings",1995,0,3075000,3075000,3075000,3075000,1
"Vikings",1996,0,1875000,1875000,1875000,1875000,1
"Vikings",1997,0,2437333,2437333,2437333,2437333,1
"Vikings",1998,0.327869395324194,7549500,7549500,12500000,2599000,2
"Vikings",1999,0.352424080980288,2346250,2346250,4e+06,692500,2
"Vikings",2000,0.350195544975344,2940500,2940500,5e+06,881000,2
"Vikings",2001,0,10610000,10610000,10610000,10610000,1
"Vikings",2002,0.472918459173167,4431062.5,4431062.5,8622125,240000,2
"Vikings",2003,0.420849042741438,2728991,2766000,5083964,3e+05,4
"Vikings",2004,0.47342482575764,2702701,2342500,5820804,305000,4
"Vikings",2005,0.129943502824859,472000,380000,656000,380000,3
"Vikings",2006,0.343151340996169,4176000,4176000,7042000,1310000,2
"Vikings",2007,0.352009665726943,4966000,6470000,9e+06,769000,5
"Vikings",2008,0.76239593018558,2562140.90909091,370000,16250069,83200,11
"Vikings",2009,0.665177152583544,2308075.6,1e+06,1.2e+07,88400,15
"Vikings",2010,0.624729922450797,2822655.47368421,860000,1.6e+07,18824,19
"Vikings",2011,0.695406549046748,2605917.96969697,525000,20250000,22059,33
"Vikings",2012,0.612818031294991,1926969.85714286,617500,13208620,0,49
"Vikings",2013,0.644827524950763,1954094.82608696,642150,14280612,0,69
"Vikings",2014,0.658133208015947,1650858.36842105,570000,1.3e+07,12600,76
"Vikings",2015,0.619818269194894,1667115.2,661356,1.3e+07,0,80
"Vikings",2016,0.626605927256382,1887902.51219512,651555,15278000,6900,82
"Vikings",2017,0.691586048848528,2382499.71604938,690000,20026000,21600,81
"Vikings",2018,0.698175197916539,2614153.20930233,630000,2.6e+07,38000,86
"Vikings",2019,0.69514083530612,2879458.17567568,678974.5,2.8e+07,0,74
"Vikings",2020,0.710577014980057,2662624.69135802,750000,4e+07,25200,81
