"team","year","gCoeff","mean_cash","median_cash","top_cash","bot_cash","players_recorded","w","l","t","pct_total","pf","pa","points_ratio","sb_wins_runups"
"49ers",2000,0,3750000,3750000,3750000,3750000,1,6,10,0,0.375,388,422,0.919431279620853,NA
"49ers",2004,0.162810873337189,432250,432250,573000,291500,2,2,14,0,0.125,259,452,0.573008849557522,NA
"49ers",2005,0.557428687418837,1221093.16666667,567250,3500000,27059,6,4,12,0,0.25,239,428,0.558411214953271,NA
"49ers",2006,0.613632746689496,2249666.66666667,585000,9350000,350000,9,7,9,0,0.438,298,412,0.723300970873786,NA
"49ers",2007,0.547727003066356,2519053.78571429,1276250,9820000,360000,14,5,11,0,0.313,219,364,0.601648351648352,NA
"49ers",2008,0.584359899765745,3625717.10526316,1e+06,12250000,370000,19,7,9,0,0.438,339,381,0.889763779527559,NA
"49ers",2009,0.603776102908278,2634550.60869565,940000,12670000,88400,23,8,8,0,0.5,330,281,1.17437722419929,NA
"49ers",2010,0.602733094291835,2940029.53125,1163500,16598000,94118,32,6,10,0,0.375,305,346,0.88150289017341,NA
"49ers",2011,0.511497767962574,2587951.57142857,1404875,9387500,286765,42,13,3,0,0.813,380,229,1.65938864628821,NA
"49ers",2012,0.556925452642036,2512008.17307692,1136281,9250000,45882,52,11,4,1,0.719,397,273,1.45421245421245,2
"49ers",2013,0.568469948883482,1930965.43661972,840844,8380000,0,71,12,4,0,0.75,406,272,1.49264705882353,NA
"49ers",2014,0.610321436923257,1634587.37078652,629895,13073766,6300,89,8,8,0,0.5,306,340,0.9,NA
"49ers",2015,0.64006279379408,1404957.07142857,570838,11925000,6600,84,5,11,0,0.313,238,387,0.614987080103359,NA
"49ers",2016,0.668932705113976,1606868.57446809,627500,14300000,13800,94,2,14,0,0.125,309,480,0.64375,NA
"49ers",2017,0.703326080724285,1685760.88888889,588235,19080912,14400,99,6,10,0,0.375,331,383,0.864229765013055,NA
"49ers",2018,0.721387152918069,2464937.69047619,681500,41950000,15200,84,4,12,0,0.25,342,435,0.786206896551724,NA
"49ers",2019,0.701952581648614,2436659.94382022,663137,22916356,0,89,13,3,0,0.813,479,310,1.54516129032258,2
"49ers",2020,0.722758384910332,2260501.51851852,719765.5,25200000,8400,108,6,10,0,0.375,376,390,0.964102564102564,NA
"Bears",2003,0.220097889262771,1634500,1634500,2354000,915000,2,7,9,0,0.438,283,346,0.817919075144509,NA
"Bears",2004,0.0506445672191528,339375,339375,373750,305000,2,5,11,0,0.313,231,331,0.697885196374622,NA
"Bears",2005,0.516355140186916,1457875,568250,4315000,380000,4,11,5,0,0.688,260,202,1.28712871287129,NA
"Bears",2006,0.290604513169678,812683.333333333,642425,1775000,350000,6,13,3,0,0.813,427,255,1.67450980392157,2
"Bears",2007,0.675539459164616,2314641.45454545,766250,12098000,100588,11,7,9,0,0.438,334,348,0.959770114942529,NA
"Bears",2008,0.514282040677666,2735833.61538462,1921000,8805000,370000,13,9,7,0,0.563,375,350,1.07142857142857,NA
"Bears",2009,0.600923093638078,3376889.4375,820616,17134999,385000,16,7,9,0,0.438,327,375,0.872,NA
"Bears",2010,0.643172067095675,2517228,1049650,20200000,320000,24,11,5,0,0.688,334,286,1.16783216783217,NA
"Bears",2011,0.60222359478348,2004709.59459459,6e+05,11700000,0,37,8,8,0,0.5,353,341,1.03519061583578,NA
"Bears",2012,0.580810499833908,1946920.95555556,835200,9800000,0,45,10,6,0,0.625,375,277,1.35379061371841,NA
"Bears",2013,0.623661217309012,2331588.95081967,765609,13200000,36000,61,8,8,0,0.5,445,478,0.930962343096234,NA
"Bears",2014,0.709690050440109,1652692.7,554717.5,22500000,12600,80,5,11,0,0.313,319,442,0.721719457013575,NA
"Bears",2015,0.687723035988011,1416680.86363636,510000,15500000,13200,88,6,10,0,0.375,335,397,0.843828715365239,NA
"Bears",2016,0.690771313100399,1736159.49450549,6e+05,1.6e+07,6900,91,3,13,0,0.188,279,399,0.699248120300752,NA
"Bears",2017,0.683145301322382,1973244.58888889,665774,19719500,7200,90,5,11,0,0.313,264,320,0.825,NA
"Bears",2018,0.687367505173912,2801152.7012987,733660,4.1e+07,38000,77,12,4,0,0.75,421,283,1.48763250883392,NA
"Bears",2019,0.663573246273035,2001553.2962963,645000,15500000,16000,81,8,8,0,0.5,280,298,0.939597315436242,NA
"Bears",2020,0.682171704250278,2247850.96703297,750000,18500000,8400,91,8,8,0,0.5,372,370,1.00540540540541,NA
"Bengals",2001,0,10500000,10500000,10500000,10500000,2,6,10,0,0.375,226,309,0.731391585760518,NA
"Bengals",2002,0,2430000,2430000,2430000,2430000,2,2,14,0,0.125,279,456,0.611842105263158,NA
"Bengals",2003,0.473071324599709,4580000,1330000,11080000,1330000,3,8,8,0,0.5,346,384,0.901041666666667,NA
"Bengals",2004,0.304703979749684,1777750,1580000,3420000,531000,4,8,8,0,0.5,374,372,1.00537634408602,NA
"Bengals",2005,0.609013867488444,5678750,1830000,18750000,305000,4,11,5,0,0.688,421,350,1.20285714285714,NA
"Bengals",2006,0.571471732987364,2557590.90909091,915750,15750000,425000,11,8,8,0,0.5,373,331,1.12688821752266,NA
"Bengals",2007,0.623307357674754,3487980.28571429,397500,14250000,79900,14,7,9,0,0.438,380,385,0.987012987012987,NA
"Bengals",2008,0.57510509390946,2339140.73333333,927000,7750000,152941,15,4,11,1,0.281,204,364,0.56043956043956,NA
"Bengals",2009,0.571434725695539,1621348.95,651250,9500000,88400,20,10,6,0,0.625,305,291,1.04810996563574,NA
"Bengals",2010,0.575646507275691,1765525.85185185,995000,10500000,75294,27,4,12,0,0.25,322,395,0.815189873417722,NA
"Bengals",2011,0.650661852829447,2567343.39393939,6e+05,14037500,0,33,9,7,0,0.563,344,323,1.06501547987616,NA
"Bengals",2012,0.519523935008603,1657308.10869565,715125,6700000,91765,46,10,6,0,0.625,391,320,1.221875,NA
"Bengals",2013,0.6359481531057,1911776.61333333,717300,1.9e+07,0,75,11,5,0,0.688,430,305,1.40983606557377,NA
"Bengals",2014,0.615375697736566,1625021.07594937,643788,18086027,18900,79,10,5,1,0.656,365,344,1.06104651162791,NA
"Bengals",2015,0.632658413380998,2087732.21917808,882576,26750000,0,73,12,4,0,0.75,419,279,1.50179211469534,NA
"Bengals",2016,0.618991025976456,2054715.16,675000,10700000,26471,75,6,9,1,0.406,325,315,1.03174603174603,NA
"Bengals",2017,0.673927181055319,1984732.80246914,638000,14968750,7200,81,7,9,0,0.438,290,349,0.830945558739255,NA
"Bengals",2018,0.711592305505476,2210254.15662651,630000,25500000,15200,83,6,10,0,0.375,368,455,0.808791208791209,NA
"Bengals",2019,0.660870015633993,2533120.64473684,720000,16200000,16000,76,2,14,0,0.125,279,420,0.664285714285714,NA
"Bengals",2020,0.695544295078113,2615991.50588235,750000,24490100,8400,85,4,11,1,0.281,311,424,0.733490566037736,NA
"Bills",2000,0,4250000,4250000,4250000,4250000,1,8,8,0,0.5,315,350,0.9,NA
"Bills",2001,0,4e+06,4e+06,4e+06,4e+06,1,3,13,0,0.188,265,420,0.630952380952381,NA
"Bills",2002,0.0249343832020997,4762500,4762500,5e+06,4525000,2,8,8,0,0.5,379,397,0.954659949622166,NA
"Bills",2003,0.47962154294032,2442666.66666667,1600000,5500000,228000,3,6,10,0,0.375,243,279,0.870967741935484,NA
"Bills",2004,0.699579870634727,2014485.33333333,260221,8750000,108235,6,9,7,0,0.563,395,284,1.39084507042254,NA
"Bills",2005,0.540871613663133,849000,305000,3100000,230000,5,5,11,0,0.313,271,367,0.73841961852861,NA
"Bills",2006,0.503961294969348,2103092.25,1859000,5231250,20588,8,7,9,0,0.438,300,311,0.964630225080386,NA
"Bills",2007,0.499435976834551,3072645.44444444,1868000,8703750,285000,9,7,9,0,0.438,252,354,0.711864406779661,NA
"Bills",2008,0.468973031157307,2295048.18181818,1467000,6688750,349030,11,7,9,0,0.438,336,342,0.982456140350877,NA
"Bills",2009,0.435807972031862,1901896,1870000,6241250,178235,14,6,10,0,0.375,258,326,0.791411042944785,NA
"Bills",2010,0.501412246535159,1461564.61904762,790000,5100000,110588,21,4,12,0,0.25,283,425,0.665882352941176,NA
"Bills",2011,0.659856791740349,2284825.45454545,790908,13716672,22059,33,6,10,0,0.375,372,434,0.857142857142857,NA
"Bills",2012,0.676130303591388,2299879.11363636,627500,2.5e+07,45882,44,6,10,0,0.375,344,435,0.790804597701149,NA
"Bills",2013,0.629306105535102,1824800.35483871,620572.5,15400000,23824,62,6,10,0,0.375,339,388,0.873711340206186,NA
"Bills",2014,0.625523714473296,1828827.04054054,635608.5,13400000,18900,74,9,7,0,0.563,343,289,1.18685121107266,NA
"Bills",2015,0.730597144761861,2031201.84705882,585000,27823529,6600,85,8,8,0,0.5,379,359,1.05571030640669,NA
"Bills",2016,0.674022717272534,1890891.98888889,682958,1.9e+07,0,90,7,9,0,0.438,399,378,1.05555555555556,NA
"Bills",2017,0.655254549848197,1854533.73563218,726516,14500000,7200,87,9,7,0,0.563,302,359,0.841225626740947,NA
"Bills",2018,0.659119511919352,1790773.2125,679691,17100000,22800,80,6,10,0,0.375,269,374,0.719251336898396,NA
"Bills",2019,0.630039011603587,2552319.13924051,1e+06,19450000,64000,79,10,6,0,0.625,314,259,1.21235521235521,NA
"Bills",2020,0.645595758664875,2713340.62790698,843124.5,18750000,0,86,13,3,0,0.813,501,375,1.336,NA
"Broncos",2000,0.210248753492959,1140687.5,1031375,1800000,7e+05,4,11,5,0,0.688,485,369,1.31436314363144,NA
"Broncos",2001,0.362732095490716,4712500,2900000,11050000,2e+06,4,8,8,0,0.5,340,339,1.00294985250737,NA
"Broncos",2002,0.479666912617266,3794800,1550000,11659000,1100000,5,9,7,0,0.563,392,344,1.13953488372093,NA
"Broncos",2003,0.487397878376993,2925433.33333333,2127500,7534800,3e+05,6,10,6,0,0.625,381,301,1.26578073089701,NA
"Broncos",2004,0.408787096396212,3380979.85714286,3260000,7509150,27059,7,10,6,0,0.625,381,304,1.25328947368421,NA
"Broncos",2005,0.46381296045141,3291308.2,3030000,7628475,79900,10,13,3,0,0.813,395,258,1.53100775193798,NA
"Broncos",2006,0.566333167171028,2820369.23076923,1550000,12006100,275000,13,9,7,0,0.563,319,305,1.04590163934426,NA
"Broncos",2007,0.590823889703297,3778303.75,1088785,11247500,360000,12,7,9,0,0.438,320,409,0.78239608801956,NA
"Broncos",2008,0.554097577311735,1986718.66666667,976375,8003050,315000,12,8,8,0,0.5,370,448,0.825892857142857,NA
"Broncos",2009,0.505054043919164,3297988.84615385,1845000,9001525,325000,13,8,8,0,0.5,326,324,1.00617283950617,NA
"Broncos",2010,0.584265307921298,2650877.60869565,1118500,1.3e+07,152565,23,4,12,0,0.25,344,471,0.73036093418259,NA
"Broncos",2011,0.633004063699019,2672493.96666667,940000,14148000,96900,30,8,8,0,0.5,309,390,0.792307692307692,NA
"Broncos",2012,0.62762912126446,2129350.80434783,713300,1.8e+07,91765,46,13,3,0,0.813,481,289,1.6643598615917,NA
"Broncos",2013,0.635576229912459,2024289.69230769,771000,2.5e+07,36000,65,13,3,0,0.813,606,399,1.5187969924812,2
"Broncos",2014,0.691319576067967,1813055.41333333,570000,1.5e+07,12600,75,12,4,0,0.75,482,354,1.36158192090395,NA
"Broncos",2015,0.673092862079873,2093887.13513514,688235.5,2.2e+07,0,74,12,4,0,0.75,355,296,1.19932432432432,1
"Broncos",2016,0.731308520712263,2163576.18518519,550356,25500000,0,81,9,7,0,0.563,333,297,1.12121212121212,NA
"Broncos",2017,0.691453517663339,1916189.39325843,615000,16500000,0,89,5,11,0,0.313,289,382,0.756544502617801,NA
"Broncos",2018,0.716995587984556,2087656.70652174,630000,1.9e+07,10000,92,6,10,0,0.375,329,349,0.94269340974212,NA
"Broncos",2019,0.707506120204219,2156195.04395604,615588,18500000,0,91,7,9,0,0.438,282,316,0.892405063291139,NA
"Broncos",2020,0.703336265485936,2386588.14893617,742500,2e+07,0,94,5,11,0,0.313,323,446,0.724215246636771,NA
"Browns",2000,0.619347715426695,3874416.66666667,275000,11073250,275000,3,3,13,0,0.188,161,419,0.384248210023866,NA
"Browns",2001,0.537485795018274,3617666.66666667,1325000,9139000,389000,3,7,9,0,0.438,285,319,0.893416927899687,NA
"Browns",2002,0.28062970568104,2435000,1580000,4400000,1325000,3,9,7,0,0.563,344,320,1.075,NA
"Browns",2003,0.330708661417323,3810000,4700000,6200000,530000,3,5,11,0,0.313,254,322,0.788819875776398,NA
"Browns",2004,0.414561170212766,3760000,3740000,6950000,610000,4,4,12,0,0.25,276,390,0.707692307692308,NA
"Browns",2005,0.599601102111234,1607460.25,851470.5,4717500,9400,4,6,10,0,0.375,232,301,0.770764119601329,NA
"Browns",2006,NA,NA,NA,NA,NA,6,4,12,0,0.25,238,356,0.668539325842697,NA
"Browns",2007,0.493432570797965,3074464.28571429,2150000,8e+06,435000,7,10,6,0,0.625,402,382,1.05235602094241,NA
"Browns",2008,0.574495053611487,3304620.625,1038500,10800000,387465,8,4,12,0,0.25,232,350,0.662857142857143,NA
"Browns",2009,0.480960896518836,1965937.5,1071250,6500000,385000,8,5,11,0,0.313,245,375,0.653333333333333,NA
"Browns",2010,0.48317858961406,3898563.63636364,2395000,12392200,395000,11,5,11,0,0.313,271,332,0.816265060240964,NA
"Browns",2011,0.628188642377076,2582467.70833333,1026200,19100000,0,24,4,12,0,0.25,218,307,0.710097719869707,NA
"Browns",2012,0.661064701537238,2021497.93617021,565000,13731672,0,47,5,11,0,0.313,302,368,0.820652173913043,NA
"Browns",2013,0.676796048394682,1676878.46376812,555000,1.3e+07,32647,69,4,12,0,0.25,308,406,0.758620689655172,NA
"Browns",2014,0.713791249351257,1783461.13580247,570000,20878193,0,81,7,9,0,0.438,299,337,0.887240356083086,NA
"Browns",2015,0.642443920380867,1776761.03370787,585000,10400000,0,89,3,13,0,0.188,278,432,0.643518518518518,NA
"Browns",2016,0.624398483641436,1208531.26086957,543500,10200000,0,92,1,15,0,0.063,264,452,0.584070796460177,NA
"Browns",2017,0.747233321931605,2030423.66666667,540000,20723004,7200,84,0,16,0,0,234,410,0.570731707317073,NA
"Browns",2018,0.718904707681929,2582567.81176471,630000,22329440,15200,85,7,8,1,0.469,359,392,0.915816326530612,NA
"Browns",2019,0.681450499387873,2283753.65853659,645000,16750000,8000,82,6,10,0,0.375,335,393,0.852417302798982,NA
"Browns",2020,0.716837939832287,2321260.35483871,675000,21862125,0,93,11,5,0,0.688,408,419,0.973747016706444,NA
"Buccaneers",2000,0.108,6250000,6250000,7600000,4900000,2,10,6,0,0.625,388,269,1.44237918215613,NA
"Buccaneers",2001,0.217948717948718,2925000,2925000,4200000,1650000,2,9,7,0,0.563,324,280,1.15714285714286,NA
"Buccaneers",2002,0.397394136807818,2558333.33333333,1750000,5250000,675000,3,12,4,0,0.75,346,196,1.76530612244898,NA
"Buccaneers",2003,0,6600000,6600000,6600000,6600000,1,7,9,0,0.438,301,264,1.14015151515152,1
"Buccaneers",2005,0.0986842105263158,380000,380000,455000,305000,2,11,5,0,0.688,300,274,1.09489051094891,NA
"Buccaneers",2006,0.272628135223555,1528333.33333333,1860000,2300000,425000,3,4,12,0,0.25,211,353,0.597733711048159,NA
"Buccaneers",2007,0.377785772931734,923823.5,805000,1875000,210294,4,9,7,0,0.563,334,270,1.23703703703704,NA
"Buccaneers",2008,0.51436283221724,1333764.28571429,1009000,4895000,77350,7,9,7,0,0.563,361,323,1.11764705882353,NA
"Buccaneers",2009,0.485083051566513,1608008.11111111,1181250,5620000,218823,9,3,13,0,0.188,244,400,0.61,NA
"Buccaneers",2010,0.688288771244781,2801367.31578947,395000,18087500,56471,19,10,6,0,0.625,341,318,1.07232704402516,NA
"Buccaneers",2011,0.642417591004115,2080847.93103448,525000,11148750,0,29,4,12,0,0.25,287,494,0.580971659919028,NA
"Buccaneers",2012,0.720055889806387,2673412.08695652,540000,25160000,54706,46,7,9,0,0.438,389,394,0.987309644670051,NA
"Buccaneers",2013,0.629842295287338,1353488.96153846,630000,1.6e+07,12000,78,4,12,0,0.25,288,389,0.740359897172236,NA
"Buccaneers",2014,0.712504287491898,1639543.27848101,532000,20300000,12600,79,2,14,0,0.125,277,410,0.675609756097561,NA
"Buccaneers",2015,0.677479308867078,1456591.68292683,585000,17132292,6600,82,6,10,0,0.375,342,417,0.820143884892086,NA
"Buccaneers",2016,0.665944288725703,1798802.02352941,6e+05,12500000,6900,85,9,7,0,0.563,354,369,0.959349593495935,NA
"Buccaneers",2017,0.667218111089086,1687932.65909091,652500,13250000,7200,88,5,11,0,0.313,335,382,0.87696335078534,NA
"Buccaneers",2018,0.668985215773636,2302052.08045977,630000,18258000,15200,87,5,11,0,0.313,396,464,0.853448275862069,NA
"Buccaneers",2019,0.723299725917224,2383073.3372093,645000,20922000,8000,86,7,9,0,0.438,458,449,1.02004454342984,NA
"Buccaneers",2020,0.724359674342113,2605014.61363636,750000,27875000,0,88,11,5,0,0.688,492,355,1.38591549295775,1
"Cardinals",2000,0,3030000,3030000,3030000,3030000,1,3,13,0,0.188,210,443,0.474040632054176,NA
"Cardinals",2001,0,4037500,4037500,4037500,4037500,1,7,9,0,0.438,295,343,0.860058309037901,NA
"Cardinals",2002,0.390155922736793,3222750,3222750,5737500,708000,2,5,11,0,0.313,262,417,0.628297362110312,NA
"Cardinals",2003,0.392411143131604,2602500,2555000,5e+06,3e+05,4,4,12,0,0.25,225,452,0.497787610619469,NA
"Cardinals",2004,0.646854650542414,2227908.44444444,8e+05,11250000,40588,9,6,10,0,0.375,284,322,0.881987577639752,NA
"Cardinals",2005,0.566486521615529,2051124.9,896139.5,6500000,233235,10,5,11,0,0.313,311,387,0.803617571059432,NA
"Cardinals",2006,0.485971966911765,4352000,3621250,11110000,425000,10,5,11,0,0.313,314,389,0.80719794344473,NA
"Cardinals",2007,0.419849832773182,2349057.69230769,2210000,7e+06,297500,13,8,8,0,0.5,404,399,1.0125313283208,NA
"Cardinals",2008,0.540783510412419,4841892.85714286,2258500,17100000,370000,14,9,7,0,0.563,427,426,1.00234741784038,2
"Cardinals",2009,0.580849083563392,4238033.33333333,2750000,1.9e+07,385000,15,10,6,0,0.625,375,325,1.15384615384615,NA
"Cardinals",2010,0.405725591602177,1949878.94736842,1660000,6150000,369000,19,5,11,0,0.313,289,434,0.665898617511521,NA
"Cardinals",2011,0.668835299099275,3743020,849428,2e+07,74100,27,8,8,0,0.5,312,348,0.896551724137931,NA
"Cardinals",2012,0.666214865552892,2210937.58695652,615000,20250000,0,46,5,11,0,0.313,250,357,0.700280112044818,NA
"Cardinals",2013,0.56905505032384,1684027.44444444,806647.5,13250000,72000,72,10,6,0,0.625,379,324,1.16975308641975,NA
"Cardinals",2014,0.672960019070933,1912103.30379747,795000,1.9e+07,12600,79,11,5,0,0.688,310,299,1.03678929765886,NA
"Cardinals",2015,0.655665362229152,1704587.68604651,588750,11719114,0,86,13,3,0,0.813,489,313,1.56230031948882,NA
"Cardinals",2016,0.711663454136957,1761238.45555556,6e+05,18500000,0,90,7,8,1,0.469,418,362,1.15469613259669,NA
"Cardinals",2017,0.702531933954964,1957290.24444444,615000,2.2e+07,7200,90,8,8,0,0.5,295,361,0.817174515235457,NA
"Cardinals",2018,0.73151254906468,1647946.50561798,489706,13882500,7600,89,3,13,0,0.188,225,425,0.529411764705882,NA
"Cardinals",2019,0.704999284600278,2121576.85185185,645000,24084924,0,81,5,10,1,0.344,361,442,0.816742081447964,NA
"Cardinals",2020,0.69725131407602,2672410.21176471,750000,2.9e+07,16800,85,8,8,0,0.5,410,367,1.11716621253406,NA
"Chargers",2000,0,3840000,3840000,3840000,3840000,1,1,15,0,0.063,269,440,0.611363636363636,NA
"Chargers",2001,0.205766570911799,5221666.66666667,6500000,7e+06,2165000,3,5,11,0,0.313,332,321,1.03426791277259,NA
"Chargers",2002,0.480874316939891,3050000,1750000,7e+06,4e+05,3,8,8,0,0.5,333,367,0.907356948228883,NA
"Chargers",2003,0.313936781609195,1237333.33333333,1500000,1980000,232000,3,4,12,0,0.25,313,441,0.709750566893424,NA
"Chargers",2004,0.632894013107979,4694019.66666667,1425000,1.6e+07,54118,6,12,4,0,0.75,446,313,1.42492012779553,NA
"Chargers",2005,0.473572603289244,3623970.625,3302500,8078000,71765,8,9,7,0,0.563,418,312,1.33974358974359,NA
"Chargers",2006,0.490046616510518,1757670.09090909,983000,4250000,79900,11,14,2,0,0.875,492,303,1.62376237623762,NA
"Chargers",2007,0.56542690367694,2417192.30769231,683500,10375000,285000,13,11,5,0,0.688,412,284,1.45070422535211,NA
"Chargers",2008,0.553832902670111,1658571.42857143,626250,6100000,215000,14,8,8,0,0.5,439,347,1.26512968299712,NA
"Chargers",2009,0.630332562386404,3627843.75,1365000,25550000,385000,16,13,3,0,0.813,454,320,1.41875,NA
"Chargers",2010,0.560191511612713,3257469.94117647,1664000,12600000,280824,17,9,7,0,0.563,441,322,1.3695652173913,NA
"Chargers",2011,0.616616230855155,3199717.03846154,1134180,1.4e+07,0,26,8,8,0,0.5,406,377,1.07692307692308,NA
"Chargers",2012,0.58780178309017,2298733.42857143,840900,10400000,45882,35,7,9,0,0.438,350,350,1,NA
"Chargers",2013,0.566220215687661,1689267.27692308,730000,1.2e+07,47647,65,9,7,0,0.563,396,348,1.13793103448276,NA
"Chargers",2014,0.635229130255372,1447380.43902439,645000,13800000,12600,82,9,7,0,0.563,348,348,1,NA
"Chargers",2015,0.735950432160008,1863272.3372093,585000,37500000,6600,86,4,12,0,0.25,320,398,0.804020100502513,NA
"Chargers",2016,0.690726458148403,1877167.05376344,579680,17467216,20700,93,5,11,0,0.313,410,423,0.969267139479905,NA
"Chargers",2017,0.696746788359667,1807181.88505747,615000,22750000,7200,87,9,7,0,0.563,355,272,1.30514705882353,NA
"Chargers",2018,0.676709959258604,1874402.77906977,630000,1.5e+07,7600,86,12,4,0,0.75,428,329,1.30091185410334,NA
"Chargers",2019,0.674723420693439,1928206.82758621,645000,1.7e+07,24000,87,5,11,0,0.313,337,345,0.976811594202899,NA
"Chargers",2020,0.725347013098427,2819258.04651163,732118,4.3e+07,16800,86,7,9,0,0.438,384,426,0.901408450704225,NA
"Chiefs",2000,0,830000,830000,830000,830000,1,7,9,0,0.438,355,354,1.00282485875706,NA
"Chiefs",2001,0,945000,945000,945000,945000,1,6,10,0,0.375,320,344,0.930232558139535,NA
"Chiefs",2002,0,6750000,6750000,6750000,6750000,1,8,8,0,0.5,467,399,1.17042606516291,NA
"Chiefs",2003,0,4950000,4950000,4950000,4950000,1,13,3,0,0.813,484,332,1.4578313253012,NA
"Chiefs",2004,0.324034334763948,1456250,1456250,2400000,512500,2,7,9,0,0.438,483,435,1.11034482758621,NA
"Chiefs",2005,0.366814814814815,1875000,1920000,3400000,305000,3,10,6,0,0.625,403,325,1.24,NA
"Chiefs",2006,0.350161992612311,3365208.33333333,3630625,6170000,425000,6,9,7,0,0.563,331,315,1.05079365079365,NA
"Chiefs",2007,0.476575384081243,3600312.5,3175000,1.1e+07,367500,8,4,12,0,0.25,226,335,0.674626865671642,NA
"Chiefs",2008,0.605955488052471,1619766.86666667,650000,6753250,46800,15,2,14,0,0.125,291,440,0.661363636363636,NA
"Chiefs",2009,0.653125953516921,3034162.2,870000,1.6e+07,335250,15,4,12,0,0.25,294,424,0.693396226415094,NA
"Chiefs",2010,0.579107302216734,4138485.26315789,1860000,13575000,395000,19,10,6,0,0.625,366,326,1.12269938650307,NA
"Chiefs",2011,0.579978000635734,3846215.58064516,1835000,18975000,91200,31,7,9,0,0.438,212,338,0.627218934911243,NA
"Chiefs",2012,0.612630282351834,2170329.45,540000,10838235,0,40,2,14,0,0.125,211,425,0.496470588235294,NA
"Chiefs",2013,0.652054635606886,2234726.02816901,601083,1.6e+07,0,71,11,5,0,0.688,430,305,1.40983606557377,NA
"Chiefs",2014,0.673891934036288,1726727.94117647,570000,1.9e+07,6300,85,9,7,0,0.563,353,281,1.25622775800712,NA
"Chiefs",2015,0.678106097826058,1822696.29268293,569038,21500000,0,82,11,5,0,0.688,405,287,1.41114982578397,NA
"Chiefs",2016,0.688902595899519,2003410.64285714,6e+05,1.5e+07,0,84,12,4,0,0.75,389,311,1.2508038585209,NA
"Chiefs",2017,0.697390716125705,1934379.80434783,690000,20900000,0,92,10,6,0,0.625,415,339,1.22418879056047,NA
"Chiefs",2018,0.666330373088218,2224659.55813953,646691,21800000,0,86,12,4,0,0.75,565,421,1.34204275534442,NA
"Chiefs",2019,0.645064176238918,2254728.23170732,843919,2e+07,0,82,12,4,0,0.75,451,308,1.46428571428571,1
"Chiefs",2020,0.703003584278187,2200582.76744186,750000,24500000,0,86,14,2,0,0.875,473,362,1.30662983425414,2
"Colts",2000,0.0189950447709293,11503000,11503000,11940000,11066000,2,10,6,0,0.625,429,326,1.3159509202454,NA
"Colts",2001,0.335540838852097,2617333.33333333,2900000,4452000,5e+05,3,6,10,0,0.375,413,486,0.849794238683128,NA
"Colts",2002,0.323844378740896,3466750,3472000,6298000,625000,4,10,6,0,0.625,349,313,1.11501597444089,NA
"Colts",2003,0.50752688172043,4050150,3325000,11324000,351750,5,12,4,0,0.75,447,336,1.33035714285714,NA
"Colts",2004,0.663762628676257,9573153,1375000,35035000,305000,5,12,4,0,0.75,522,351,1.48717948717949,NA
"Colts",2005,0.538058698784258,3431833.33333333,1232500,9081000,380000,6,14,2,0,0.875,439,247,1.77732793522267,NA
"Colts",2006,0.460525790613755,6279033.33333333,5150000,15100000,344000,9,12,4,0,0.75,427,360,1.18611111111111,1
"Colts",2007,0.544935213315676,4754444.44444444,3380000,15750000,360000,9,13,3,0,0.813,450,262,1.7175572519084,NA
"Colts",2008,0.623063089117666,3755230.38461538,939000,15750000,138823,13,12,4,0,0.75,377,298,1.26510067114094,NA
"Colts",2009,0.603376333405495,2617566.66666667,988500,1.4e+07,385000,15,14,2,0,0.875,416,307,1.35504885993485,2
"Colts",2010,0.652328149980914,2807401.63636364,1067500,15800000,83200,22,10,6,0,0.625,435,388,1.12113402061856,NA
"Colts",2011,0.696530827674152,2312525.43243243,525000,26400000,0,37,2,14,0,0.125,243,430,0.565116279069767,NA
"Colts",2012,0.681908353722823,1836043.57407407,540000,1.7e+07,11400,54,11,5,0,0.688,357,387,0.922480620155039,NA
"Colts",2013,0.614731436348196,1804939.64556962,630000,15500000,23824,79,11,5,0,0.688,391,336,1.16369047619048,NA
"Colts",2014,0.589117098620509,1484243.1686747,575000,1e+07,0,83,11,5,0,0.688,458,369,1.24119241192412,NA
"Colts",2015,0.66966488349321,1896102.41860465,619000,1.8e+07,6600,86,8,8,0,0.5,333,408,0.816176470588235,NA
"Colts",2016,0.714328406040512,2048072.73563218,6e+05,4.4e+07,13800,87,8,8,0,0.5,411,392,1.0484693877551,NA
"Colts",2017,0.707190671472343,1510504.17391304,540000,1.3e+07,0,92,4,12,0,0.25,263,404,0.650990099009901,NA
"Colts",2018,0.697212344359531,1584963.45054945,555000,1.8e+07,0,91,10,6,0,0.625,433,344,1.25872093023256,NA
"Colts",2019,0.669717789207471,2260662.2962963,678457,14900000,16000,81,7,9,0,0.438,361,373,0.967828418230563,NA
"Colts",2020,0.721225554552495,2572899.31707317,750000,2.5e+07,8400,82,11,5,0,0.688,451,362,1.24585635359116,NA
"Cowboys",2000,0.173913043478261,3450000,3450000,4650000,2250000,2,5,11,0,0.313,294,361,0.814404432132964,NA
"Cowboys",2001,0,5850000,5850000,5850000,5850000,1,5,11,0,0.313,246,338,0.727810650887574,NA
"Cowboys",2002,0,6e+06,6e+06,6e+06,6e+06,1,5,11,0,0.313,217,329,0.659574468085106,NA
"Cowboys",2003,0.562571493937314,2914000,895000,7612000,235000,3,10,6,0,0.625,289,260,1.11153846153846,NA
"Cowboys",2004,0.584405615130388,2471805.66666667,305000,6805417,305000,3,6,10,0,0.375,293,405,0.723456790123457,NA
"Cowboys",2005,0.446081703898231,1543309.57142857,7e+05,4e+06,380000,7,9,7,0,0.563,325,308,1.05519480519481,NA
"Cowboys",2006,0.600227388565234,2040200.84615385,887500,7510000,102941,13,9,7,0,0.563,425,350,1.21428571428571,NA
"Cowboys",2007,0.720567390176474,2170515,435000,17500000,67058,15,13,3,0,0.813,455,325,1.4,NA
"Cowboys",2008,0.666110384269242,2264786.94444444,622500,12880000,88400,18,9,7,0,0.563,362,365,0.991780821917808,NA
"Cowboys",2009,0.722593047424066,3021333.41666667,722500,26005001,385000,12,11,5,0,0.688,361,250,1.444,NA
"Cowboys",2010,0.643769133096797,3059489.94736842,1176000,17078000,107768,19,6,10,0,0.375,394,436,0.903669724770642,NA
"Cowboys",2011,0.651020677683261,2779088.58064516,828600,14032000,0,31,8,8,0,0.5,369,347,1.06340057636888,NA
"Cowboys",2012,0.62666100689631,2348520.4047619,886112,11200000,0,42,8,8,0,0.5,376,400,0.94,NA
"Cowboys",2013,0.677908109351081,2064243.12698413,645313,26500000,56471,63,8,8,0,0.5,439,432,1.0162037037037,NA
"Cowboys",2014,0.656701979001834,1345739.025,570000,13500000,0,80,12,4,0,0.75,467,352,1.32670454545455,NA
"Cowboys",2015,0.706892862539995,1808069.11494253,625000,2.3e+07,6600,87,4,12,0,0.25,275,374,0.735294117647059,NA
"Cowboys",2016,0.621497816408949,1860209.75294118,750000,16800064,0,85,13,3,0,0.813,421,306,1.37581699346405,NA
"Cowboys",2017,0.668472760629509,1755070.22891566,624620,14221000,0,83,9,7,0,0.563,354,332,1.06626506024096,NA
"Cowboys",2018,0.655786387264321,1929361.62962963,705000,2.2e+07,22800,81,10,6,0,0.625,339,324,1.0462962962963,NA
"Cowboys",2019,0.68990140824206,2289542.29761905,697500,31100000,16000,84,8,8,0,0.5,434,321,1.35202492211838,NA
"Cowboys",2020,0.73010598749989,2546110.19354839,716736,31409000,0,93,6,10,0,0.375,395,473,0.835095137420719,NA
"Dolphins",2003,0.328644501278772,2443750,2443750,4050000,837500,2,10,6,0,0.625,311,261,1.19157088122605,NA
"Dolphins",2004,0.522395096652522,1178333.33333333,305000,3e+06,230000,3,4,12,0,0.25,275,354,0.77683615819209,NA
"Dolphins",2005,0.422272767037005,466571.428571429,305000,1650000,166000,7,9,7,0,0.563,318,317,1.00315457413249,NA
"Dolphins",2006,0.088888888888889,375000,425000,425000,275000,3,6,10,0,0.375,260,283,0.918727915194346,NA
"Dolphins",2007,0.533199695552525,2130416.75,930000,6301667,360000,4,1,15,0,0.063,267,437,0.610983981693364,NA
"Dolphins",2008,0.600858055070725,2202491.71428571,926000,7467919,104118,14,11,5,0,0.688,345,317,1.08832807570978,NA
"Dolphins",2009,0.623400663764826,1851951.1,771446,1.6e+07,310000,20,7,9,0,0.438,360,390,0.923076923076923,NA
"Dolphins",2010,0.576485698644915,2234503.17241379,1178500,9725000,32059,29,7,9,0,0.438,273,333,0.81981981981982,NA
"Dolphins",2011,0.586477696448005,2678109.62162162,1063333,12476000,5700,37,6,10,0,0.375,329,313,1.05111821086262,NA
"Dolphins",2012,0.55237699290774,2300175.42857143,927478,11200000,275294,42,7,9,0,0.438,288,317,0.908517350157729,NA
"Dolphins",2013,0.618612923162374,2333675.93939394,782500,13746672,65294,66,8,8,0,0.5,317,335,0.946268656716418,NA
"Dolphins",2014,0.640950319893614,1659745.6547619,576400,15050000,6300,84,8,8,0,0.5,388,373,1.0402144772118,NA
"Dolphins",2015,0.742977932457942,1846693.48101266,534840,26500000,0,79,6,10,0,0.375,310,389,0.796915167095116,NA
"Dolphins",2016,0.689398306649959,1943114.43209877,6e+05,23500000,0,81,10,6,0,0.625,363,380,0.955263157894737,NA
"Dolphins",2017,0.668264938179009,2034789.7804878,678474,1.8e+07,14400,82,6,10,0,0.375,281,393,0.71501272264631,NA
"Dolphins",2018,0.659443310138473,2211129.90123457,705000,17500000,30000,81,7,9,0,0.438,319,433,0.736720554272517,NA
"Dolphins",2019,0.708003410966166,1502299.78431373,504500,15285641,16000,102,5,11,0,0.313,306,494,0.619433198380567,NA
"Dolphins",2020,0.686741565576423,3017491.86046512,817500,2.6e+07,0,86,10,6,0,0.625,404,338,1.19526627218935,NA
"Eagles",2000,0,525000,525000,525000,525000,1,11,5,0,0.688,351,245,1.43265306122449,NA
"Eagles",2002,0.453526516375552,8069117.5,8069117.5,15388235,750000,2,12,4,0,0.75,415,241,1.72199170124481,NA
"Eagles",2003,0,4e+06,4e+06,4e+06,4e+06,1,12,4,0,0.75,374,287,1.30313588850174,NA
"Eagles",2004,0,1.1e+07,1.1e+07,1.1e+07,1.1e+07,1,13,3,0,0.813,386,260,1.48461538461538,2
"Eagles",2005,0.456616947000952,1260400,633000,4e+06,403000,5,6,10,0,0.375,310,388,0.798969072164949,NA
"Eagles",2006,0.329908156046077,3337579.85714286,3350000,6350000,147059,7,10,6,0,0.625,398,328,1.21341463414634,NA
"Eagles",2007,0.382457773062264,3250631.11111111,2635000,6785000,447180,9,8,8,0,0.5,336,300,1.12,NA
"Eagles",2008,0.59080163377804,2505222.66666667,1e+06,14145000,247170,15,9,6,1,0.594,416,289,1.43944636678201,NA
"Eagles",2009,0.59354322958114,3128998.09090909,1369500,12437500,310000,22,11,5,0,0.688,429,337,1.27299703264095,NA
"Eagles",2010,0.611634967115951,3438166.5,1450000,14250000,320000,24,10,6,0,0.625,439,377,1.16445623342175,NA
"Eagles",2011,0.64207320373313,2530548.42857143,776804,2e+07,66176,42,8,8,0,0.5,396,328,1.20731707317073,NA
"Eagles",2012,0.628818534159879,2925440.11764706,825000,1.6e+07,34200,51,4,12,0,0.25,280,444,0.630630630630631,NA
"Eagles",2013,0.605973799428385,2177056.56521739,725000,13223620,12000,69,10,6,0,0.625,442,382,1.15706806282723,NA
"Eagles",2014,0.589596127002213,2008595.47058824,740000,1.2e+07,50000,85,10,6,0,0.625,474,400,1.185,NA
"Eagles",2015,0.64593784836611,1901882.60674157,657354,13500000,6600,89,7,9,0,0.438,377,430,0.876744186046512,NA
"Eagles",2016,0.689568457228821,2737490.01149425,675000,27299000,26471,87,7,9,0,0.438,367,331,1.10876132930514,NA
"Eagles",2017,0.617654360404874,2416378.25,842500,16250000,7200,84,13,3,0,0.813,457,295,1.54915254237288,1
"Eagles",2018,0.642193704447163,2176567.27058824,697059,11500000,10000,85,9,7,0,0.563,367,348,1.05459770114943,NA
"Eagles",2019,0.674644484527342,2930572.05063291,720000,17087683,0,79,9,7,0,0.563,385,354,1.08757062146893,NA
"Eagles",2020,0.720448561996264,2906627.83146067,750000,39383000,0,89,4,11,1,0.281,334,418,0.799043062200957,NA
"Falcons",2001,0.40269001624842,2769500,2769500,5e+06,539000,2,7,9,0,0.438,291,377,0.771883289124668,NA
"Falcons",2002,0.467741935483871,4650000,4650000,9e+06,3e+05,2,9,6,1,0.594,402,314,1.28025477707006,NA
"Falcons",2003,0.39733438902085,1894500,1894500,3400000,389000,2,5,11,0,0.313,299,422,0.708530805687204,NA
"Falcons",2004,0.585977964887826,3523931.33333333,2162500,12500000,40588,6,11,5,0,0.688,340,337,1.00890207715134,NA
"Falcons",2005,0.618696927306771,6120071.42857143,1380000,23100000,70500,7,8,8,0,0.5,351,341,1.02932551319648,NA
"Falcons",2006,0.610014308917936,4040312.5,1655000,15500000,275000,8,7,9,0,0.438,292,328,0.890243902439024,NA
"Falcons",2007,0.520402096657217,1428538.5,690000,4e+06,0,12,4,12,0,0.25,259,414,0.6256038647343,NA
"Falcons",2008,0.571853514926682,1646673.75,848990,6600000,0,16,11,5,0,0.688,391,325,1.20307692307692,NA
"Falcons",2009,0.659408343364902,2935511.76190476,490600,17900000,219118,21,9,7,0,0.563,363,325,1.11692307692308,NA
"Falcons",2010,0.579515702672296,2662009.32,903500,1.2e+07,395000,25,13,3,0,0.813,414,288,1.4375,NA
"Falcons",2011,0.598871332659267,3492909.09090909,1012500,1.3e+07,96900,33,10,6,0,0.625,402,350,1.14857142857143,NA
"Falcons",2012,0.561216614386937,2212466.30434783,670625,11500000,276000,46,13,3,0,0.813,419,299,1.40133779264214,NA
"Falcons",2013,0.66625442202036,2095763.703125,608370,3e+07,23824,64,4,12,0,0.25,353,443,0.796839729119639,NA
"Falcons",2014,0.665302118853452,2052719.34615385,695618,21500000,6300,78,6,10,0,0.375,381,417,0.913669064748201,NA
"Falcons",2015,0.661942237902348,1707503.24,585000,2.2e+07,6600,75,8,8,0,0.5,339,345,0.982608695652174,NA
"Falcons",2016,0.659740732034701,1787920.92405063,675000,15750000,0,79,11,5,0,0.688,540,406,1.33004926108374,2
"Falcons",2017,0.664808049598708,2392347.16216216,690000,16526000,0,74,10,6,0,0.625,353,315,1.12063492063492,NA
"Falcons",2018,0.710507494795479,2807568.12820513,904700,52500000,15200,78,7,9,0,0.438,414,423,0.978723404255319,NA
"Falcons",2019,0.718741038185719,2896300.03614458,805000,26500000,8000,83,7,9,0,0.438,381,399,0.954887218045113,NA
"Falcons",2020,0.686531394761307,2549129.08974359,872941.5,22200000,8400,78,4,12,0,0.25,396,414,0.956521739130435,NA
"Giants",2001,0,7e+06,7e+06,7e+06,7e+06,1,7,9,0,0.438,294,321,0.91588785046729,NA
"Giants",2002,0.649380826886565,3921000,225000,11498000,40000,3,10,6,0,0.625,320,279,1.14695340501792,NA
"Giants",2003,0.619702434625789,2772500,845000,9100000,3e+05,4,4,12,0,0.25,243,387,0.627906976744186,NA
"Giants",2004,0.335292060160896,3430800,3e+06,6450000,305000,5,6,10,0,0.375,303,347,0.873198847262248,NA
"Giants",2005,0.519180246348558,3246271.42857143,1840000,9305000,79900,7,11,5,0,0.688,422,314,1.34394904458599,NA
"Giants",2006,0.601433790221235,2138562.5,879812.5,10150000,325000,10,8,8,0,0.5,355,362,0.980662983425414,NA
"Giants",2007,0.62298234747843,3184672.5,1002500,15950000,321725,10,10,6,0,0.625,373,351,1.06267806267806,1
"Giants",2008,0.579296135427108,4489500,1350000,14890000,370000,10,12,4,0,0.75,427,294,1.45238095238095,NA
"Giants",2009,0.601658320586997,4337019.6,2100000,20500000,45294,15,8,8,0,0.5,402,427,0.941451990632319,NA
"Giants",2010,0.523888612616702,4106696.3125,2912500,19500000,0,16,10,6,0,0.625,394,347,1.13544668587896,NA
"Giants",2011,0.559468076711937,2813154.18181818,950252,9614000,96900,33,9,7,0,0.563,394,400,0.985,1
"Giants",2012,0.595491664862492,2335610.2173913,787826,11250000,22941,46,9,7,0,0.563,429,344,1.24709302325581,NA
"Giants",2013,0.615133195328852,1751658.89855072,715000,13550000,23824,69,7,9,0,0.438,294,383,0.767624020887728,NA
"Giants",2014,0.642861144278378,1407404.23655914,612800,15650000,6300,93,6,10,0,0.375,380,400,0.95,NA
"Giants",2015,0.71981571291886,1794158.90217391,527500,3.7e+07,6600,92,6,10,0,0.375,420,442,0.950226244343891,NA
"Giants",2016,0.703857060303257,2094465.46341463,688774,2.9e+07,6900,82,11,5,0,0.688,310,284,1.09154929577465,NA
"Giants",2017,0.711157059354585,1772409.44554455,540000,22500000,7200,101,3,13,0,0.188,246,388,0.634020618556701,NA
"Giants",2018,0.732968679144188,2060503.11494253,555000,2.2e+07,7600,87,5,11,0,0.313,369,412,0.895631067961165,NA
"Giants",2019,0.702888623882584,2189799.75949367,645000,17179768,8000,79,4,12,0,0.25,341,451,0.75609756097561,NA
"Giants",2020,0.686391382476286,2392617.51764706,750000,21694064,0,85,6,10,0,0.375,280,357,0.784313725490196,NA
"Jaguars",2000,0.236073856902252,4007750,4007750,5900000,2115500,2,7,9,0,0.438,367,327,1.12232415902141,NA
"Jaguars",2001,0.208333333333333,6e+06,6e+06,8500000,3500000,2,6,10,0,0.375,294,286,1.02797202797203,NA
"Jaguars",2002,0,6250000,6250000,6250000,6250000,1,6,10,0,0.375,328,315,1.04126984126984,NA
"Jaguars",2003,0,6750000,6750000,6750000,6750000,1,5,11,0,0.313,276,331,0.833836858006042,NA
"Jaguars",2004,0,2102000,2102000,2102000,2102000,1,9,7,0,0.563,261,280,0.932142857142857,NA
"Jaguars",2005,0.0596330275229358,272500,272500,305000,240000,2,12,4,0,0.75,361,269,1.34200743494424,NA
"Jaguars",2006,0.385871022814972,514338.166666667,367500,1030000,48529,6,8,8,0,0.5,371,274,1.35401459854015,NA
"Jaguars",2007,0.580019465533955,2835203.5,1384337.5,10510000,169412,8,11,5,0,0.688,411,304,1.35197368421053,NA
"Jaguars",2008,0.380036025217652,832750,6e+05,3140000,370000,10,5,11,0,0.313,302,367,0.822888283378747,NA
"Jaguars",2009,0.614416831546581,1866573.125,699975,13150000,189412,16,7,9,0,0.438,290,380,0.763157894736842,NA
"Jaguars",2010,0.613884693462182,2266853.25,547500,13997500,320000,20,8,8,0,0.5,353,419,0.842482100238663,NA
"Jaguars",2011,0.622720547495109,2802304.78571429,765554,12382500,242647,28,5,11,0,0.313,243,329,0.738601823708207,NA
"Jaguars",2012,0.58896474017617,1955628.64583333,577750,9025000,22941,48,2,14,0,0.125,255,444,0.574324324324324,NA
"Jaguars",2013,0.663272470439679,1327376.49350649,533820,14204344,12000,77,4,12,0,0.25,247,449,0.55011135857461,NA
"Jaguars",2014,0.648581812973612,1446668.325,523526,13761672,0,80,3,13,0,0.188,249,412,0.604368932038835,NA
"Jaguars",2015,0.671732528653445,1683416.53488372,580969,15778812,0,86,5,11,0,0.313,376,448,0.839285714285714,NA
"Jaguars",2016,0.674348645527546,2021610.63218391,6e+05,1.8e+07,6900,87,3,13,0,0.188,318,400,0.795,NA
"Jaguars",2017,0.706602207205817,1935208.84042553,615000,18351096,0,94,10,6,0,0.625,417,268,1.55597014925373,NA
"Jaguars",2018,0.731448001298558,2319927.48351648,630000,2e+07,0,91,5,11,0,0.313,245,316,0.775316455696203,NA
"Jaguars",2019,0.731248581241681,2200142.04494382,570000,30125000,16000,89,6,10,0,0.375,300,397,0.755667506297229,NA
"Jaguars",2020,0.671472106323755,1568113.82978723,675000,1.5e+07,16800,94,1,15,0,0.063,306,492,0.621951219512195,NA
"Jets",2000,0.107133546558912,3605727.5,3662005,4358900,2740000,4,9,7,0,0.563,321,321,1,NA
"Jets",2001,0.39463900569112,2674130.8,2800000,5364800,298000,5,10,6,0,0.625,308,295,1.04406779661017,NA
"Jets",2002,0.532656898501242,4711745.66666667,2099328,13500000,336750,6,9,7,0,0.563,359,336,1.06845238095238,NA
"Jets",2003,0.401365003304337,2580783.33333333,2572500,5250000,3e+05,6,6,10,0,0.375,283,299,0.946488294314381,NA
"Jets",2004,0.67439293598234,4152500,1140000,1.9e+07,380000,6,10,6,0,0.625,333,261,1.27586206896552,NA
"Jets",2005,0.418101748070769,2956666.625,2475000,6666000,318000,8,4,12,0,0.25,240,355,0.676056338028169,NA
"Jets",2006,0.556530867506477,2487333.33333333,1329500,9040000,4e+05,6,10,6,0,0.625,316,295,1.07118644067797,NA
"Jets",2007,0.487664189204233,1946849.66666667,1397500,5319000,287000,9,4,12,0,0.25,268,355,0.754929577464789,NA
"Jets",2008,0.608701526784491,4474045.35714286,1542500,15707500,88400,14,9,7,0,0.563,405,356,1.1376404494382,NA
"Jets",2009,0.58010462607907,2839097.0625,1292500,9823529,218824,16,9,7,0,0.563,348,236,1.47457627118644,NA
"Jets",2010,0.580690892425616,2906120.2173913,1345000,16455000,240000,23,11,5,0,0.688,367,304,1.20723684210526,NA
"Jets",2011,0.704588615301716,3332619.63636364,559248,2.5e+07,0,33,8,8,0,0.5,377,363,1.03856749311295,NA
"Jets",2012,0.622832584534089,2247052.09090909,540000,11750000,0,44,6,10,0,0.375,281,375,0.749333333333333,NA
"Jets",2013,0.616127194706632,1471437.61333333,588235,1.1e+07,24000,75,8,8,0,0.5,290,387,0.749354005167959,NA
"Jets",2014,0.593824619188226,1387784.76,645000,1e+07,12600,75,4,12,0,0.25,283,401,0.70573566084788,NA
"Jets",2015,0.642943148961292,1995070.14285714,825000,1.6e+07,13200,77,10,6,0,0.625,387,314,1.23248407643312,NA
"Jets",2016,0.728714867957995,1852427.08888889,534398,2.2e+07,0,90,5,11,0,0.313,275,409,0.672371638141809,NA
"Jets",2017,0.676448642059871,1607335.84615385,610060,1.5e+07,0,91,5,11,0,0.313,298,382,0.780104712041885,NA
"Jets",2018,0.689767947558915,2285796.26136364,681240,2.6e+07,15200,88,4,12,0,0.25,333,441,0.755102040816326,NA
"Jets",2019,0.685627163524819,2000756.74489796,659912,22172724,16000,98,7,9,0,0.438,276,359,0.768802228412256,NA
"Jets",2020,0.647402799572637,1715430.48421053,750000,11585304,25200,95,2,14,0,0.125,243,457,0.531728665207877,NA
"Lions",2003,0,768500,768500,768500,768500,2,5,11,0,0.313,270,379,0.712401055408971,NA
"Lions",2004,0,305000,305000,305000,305000,2,6,10,0,0.375,296,350,0.845714285714286,NA
"Lions",2005,0,380000,380000,380000,380000,2,5,11,0,0.313,254,345,0.736231884057971,NA
"Lions",2006,0.226420375034985,2382000,1573000,4e+06,1573000,3,3,13,0,0.188,305,398,0.766331658291457,NA
"Lions",2007,0.324310026727884,8759859.25,10393218.5,13625000,628000,4,7,9,0,0.438,346,444,0.779279279279279,NA
"Lions",2008,0.487737651752975,2716678.625,1697500,9883438,431100,8,0,16,0,0,268,517,0.518375241779497,NA
"Lions",2009,0.53593358857186,1823120.45454545,855000,6580125,385000,11,2,14,0,0.125,262,494,0.530364372469636,NA
"Lions",2010,0.61496256710825,4803109,2899125,26900000,139412,18,6,10,0,0.375,362,369,0.981029810298103,NA
"Lions",2011,0.634301388805037,3154247.22222222,1372584,25909706,26471,27,10,6,0,0.625,474,387,1.22480620155039,NA
"Lions",2012,0.654749880369421,2674640.125,881806,21750000,0,40,4,12,0,0.25,372,437,0.851258581235698,NA
"Lions",2013,0.707585147293504,2517206.13235294,872500,31500000,0,68,7,9,0,0.438,395,376,1.05053191489362,NA
"Lions",2014,0.605873316704626,1393832.44155844,645423,12675000,18900,77,11,5,0,0.688,321,282,1.13829787234043,NA
"Lions",2015,0.626531551652683,1474020.64556962,619356,1.3e+07,19800,79,7,9,0,0.438,358,400,0.895,NA
"Lions",2016,0.671241861189152,1906271.5,6e+05,1.7e+07,0,84,9,7,0,0.563,346,358,0.966480446927374,NA
"Lions",2017,0.73983030237609,2467793.59090909,615000,5.1e+07,0,88,9,7,0,0.563,410,376,1.09042553191489,NA
"Lions",2018,0.683465286550028,2064429.80232558,648500,17143000,7600,86,6,10,0,0.375,324,360,0.9,NA
"Lions",2019,0.723196214068537,2251440.68539326,645000,28875000,8000,89,3,12,1,0.219,341,423,0.806146572104019,NA
"Lions",2020,0.700190917854085,2427134.65517241,750000,22554380,12000,87,5,11,0,0.313,377,519,0.726396917148362,NA
"Titans",2000,0,5011750,5011750,5011750,5011750,1,13,3,0,0.813,346,191,1.81151832460733,NA
"Titans",2001,0,10500000,10500000,10500000,10500000,1,7,9,0,0.438,336,388,0.865979381443299,NA
"Titans",2002,0.148911212155599,6164171.5,6164171.5,8e+06,4328343,2,11,5,0,0.688,367,324,1.13271604938272,NA
"Titans",2003,0.202302052487781,3737708,3737708,5250000,2225416,2,12,4,0,0.75,435,324,1.34259259259259,NA
"Titans",2004,0.519469908818632,2673670,771000,6750010,5e+05,3,5,11,0,0.313,344,439,0.783599088838269,NA
"Titans",2005,0.605505446566888,1946792.71428571,6e+05,7500000,223529,7,4,12,0,0.25,299,421,0.71021377672209,NA
"Titans",2006,0.585576494175737,1993578.25,675375.5,7972500,317875,8,8,8,0,0.5,324,400,0.81,NA
"Titans",2007,0.610822487011915,1480925.09090909,435000,5553334,0,11,10,6,0,0.625,301,297,1.01346801346801,NA
"Titans",2008,0.531610529644639,3881191.46153846,3025010,13500000,40882,13,13,3,0,0.813,375,234,1.6025641025641,NA
"Titans",2009,0.484590095440255,2126621.86666667,1230000,7800000,385000,15,8,8,0,0.5,354,402,0.880597014925373,NA
"Titans",2010,0.436549635994818,1806876.75,1071625,4769500,379400,20,6,10,0,0.375,356,339,1.05014749262537,NA
"Titans",2011,0.573120266799409,2608941.06451613,830400,1.3e+07,420896,31,9,7,0,0.563,325,317,1.02523659305994,NA
"Titans",2012,0.628004148490958,2355934.60526316,660500,1.2e+07,34200,38,6,10,0,0.375,330,471,0.700636942675159,NA
"Titans",2013,0.57165723432775,2020505.92307692,897500,1.3e+07,47647,65,7,9,0,0.438,362,381,0.950131233595801,NA
"Titans",2014,0.64125710858014,1549604.09195402,645000,1.3e+07,6300,87,2,14,0,0.125,254,438,0.579908675799087,NA
"Titans",2015,0.618816644713572,1709261.91358025,680000,16305164,13200,81,3,13,0,0.188,299,423,0.706855791962175,NA
"Titans",2016,0.570405167298453,1943999.36842105,1123530,10211932,6900,76,9,7,0,0.563,381,378,1.00793650793651,NA
"Titans",2017,0.610583762713411,2374720.61842105,1085644,17073908,0,76,9,7,0,0.563,334,356,0.938202247191011,NA
"Titans",2018,0.670596463624564,2368600.28571429,776229,19500000,0,84,9,7,0,0.563,310,303,1.02310231023102,NA
"Titans",2019,0.676538734104881,2828317.98795181,786077,20922000,8000,83,9,7,0,0.563,402,331,1.21450151057402,NA
"Titans",2020,0.726071405422555,2464055.20224719,714706,37500000,0,89,11,5,0,0.688,491,439,1.11845102505695,NA
"Packers",2000,0,5350000,5350000,5350000,5350000,1,9,7,0,0.563,353,323,1.09287925696594,NA
"Packers",2001,0,15477000,15477000,15477000,15477000,1,12,4,0,0.75,390,266,1.46616541353383,NA
"Packers",2002,0.122475856014047,2847500,2847500,3545000,2150000,2,12,4,0,0.75,398,328,1.21341463414634,NA
"Packers",2003,0.286666666666667,3750000,3750000,5900000,1600000,2,10,6,0,0.625,442,307,1.43973941368078,NA
"Packers",2004,0.6738278421881,2327353,310000,8500000,189412,4,10,6,0,0.625,424,380,1.11578947368421,NA
"Packers",2005,0.629980732177264,2595000,515000,9500000,305000,5,4,12,0,0.25,298,344,0.866279069767442,NA
"Packers",2006,0.443574855054713,4740318.18181818,3360000,10500000,23500,11,8,8,0,0.5,301,366,0.822404371584699,NA
"Packers",2007,0.604863339706962,2981033.33333333,1027250,12216250,310000,15,13,3,0,0.813,435,291,1.49484536082474,NA
"Packers",2008,0.556259503977983,2288677.77777778,1250250,12900000,370000,18,6,10,0,0.375,419,380,1.10263157894737,NA
"Packers",2009,0.587493836626586,2781750.20833333,1201875,16275000,313000,24,11,5,0,0.688,461,297,1.55218855218855,NA
"Packers",2010,0.615420070069498,2868344.02941176,1138500,13043000,23235,34,10,6,0,0.625,388,240,1.61666666666667,1
"Packers",2011,0.617828214360861,2383018.89361702,6e+05,10962500,0,47,15,1,0,0.938,560,359,1.55988857938719,NA
"Packers",2012,0.613132977933414,1754867.79365079,540000,10937500,0,63,11,5,0,0.688,433,336,1.28869047619048,NA
"Packers",2013,0.697885537871242,2185149.06493506,630000,4e+07,23824,77,8,7,1,0.531,417,428,0.974299065420561,NA
"Packers",2014,0.668299359398418,1707800.9625,570000,14937500,12600,80,12,4,0,0.75,486,348,1.39655172413793,NA
"Packers",2015,0.644244164706929,1980100.68,598791,15100000,26400,75,10,6,0,0.625,368,323,1.13931888544892,NA
"Packers",2016,0.681950508379622,1821540.58441558,6e+05,16700000,0,77,10,6,0,0.625,432,388,1.11340206185567,NA
"Packers",2017,0.718306347050124,2056387.56470588,540000,20650000,7200,85,7,9,0,0.438,320,384,0.833333333333333,NA
"Packers",2018,0.787502805476343,2209146.39130435,555000,66900000,7600,92,6,9,1,0.406,376,400,0.94,NA
"Packers",2019,0.707105902062258,3011006.35443038,661056,29260000,40000,79,13,3,0,0.813,376,313,1.20127795527157,NA
"Packers",2020,0.731045408558023,2359737.36956522,699344,37052942,0,92,13,3,0,0.813,509,369,1.37940379403794,NA
"Panthers",2001,0,709000,709000,709000,709000,1,1,15,0,0.063,253,410,0.617073170731707,NA
"Panthers",2002,0.472173907730309,5073529.5,5073529.5,9864706,282353,2,7,9,0,0.438,258,302,0.854304635761589,NA
"Panthers",2003,0.338855305861904,3611833.33333333,4550000,5896500,389000,3,11,5,0,0.688,325,304,1.06907894736842,2
"Panthers",2004,0.282180410088465,5394500,5833500,8600000,1750000,3,7,9,0,0.438,355,339,1.04719764011799,NA
"Panthers",2005,0.597265076024348,1631300,771000,6315000,79900,9,11,5,0,0.688,391,259,1.50965250965251,NA
"Panthers",2006,0.59334208552138,2915937.5,1259500,10865000,308500,8,8,8,0,0.5,270,305,0.885245901639344,NA
"Panthers",2007,0.528676888131743,2935000,1382500,10300000,285000,12,7,9,0,0.438,267,347,0.769452449567723,NA
"Panthers",2008,0.626657520633303,2269768.125,931250,10735000,88400,16,12,4,0,0.75,414,329,1.25835866261398,NA
"Panthers",2009,0.676578222816777,2884197.22222222,602500,18183000,36400,18,8,8,0,0.5,315,308,1.02272727272727,NA
"Panthers",2010,0.584701715630594,2168299.26315789,1010000,14500000,395000,19,2,14,0,0.125,196,408,0.480392156862745,NA
"Panthers",2011,0.733326654183263,3988469.05,620256,3.4e+07,44118,40,6,10,0,0.375,406,429,0.946386946386946,NA
"Panthers",2012,0.619871873259358,1896787.64583333,602000,1.1e+07,0,48,7,9,0,0.438,357,363,0.983471074380165,NA
"Panthers",2013,0.556549617901785,1350014.79452055,630000,1e+07,96000,73,12,4,0,0.75,366,241,1.51867219917012,NA
"Panthers",2014,0.629609860918803,1369942.62962963,570000,13116000,12600,81,7,8,1,0.469,339,374,0.906417112299465,NA
"Panthers",2015,0.696496474370857,2071266.91139241,745000,3.1e+07,0,79,15,1,0,0.938,500,308,1.62337662337662,2
"Panthers",2016,0.68592035396988,1628168.63529412,6e+05,2.3e+07,0,85,6,10,0,0.375,369,402,0.917910447761194,NA
"Panthers",2017,0.700994338065684,2174770.44444444,615000,2.6e+07,0,90,11,5,0,0.688,363,327,1.11009174311927,NA
"Panthers",2018,0.654445480989583,2113041.94252874,823529,1.5e+07,15200,87,7,9,0,0.438,376,382,0.984293193717278,NA
"Panthers",2019,0.694725314794054,2249571.48837209,633920,23252000,8000,86,5,11,0,0.313,340,470,0.723404255319149,NA
"Panthers",2020,0.703680754037416,2309956.88372093,750000,2.4e+07,7500,86,5,11,0,0.313,350,402,0.870646766169154,NA
"Patriots",2000,0.542470984859359,2266036.75,1246323.5,6340000,231500,4,5,11,0,0.313,276,338,0.816568047337278,NA
"Patriots",2001,0.508488995746255,4325600,3250000,11400000,328000,5,11,5,0,0.688,371,272,1.36397058823529,NA
"Patriots",2002,0.143792325056433,3544000,3875000,4800000,2225000,5,9,7,0,0.563,381,346,1.10115606936416,1
"Patriots",2003,0.470257943352114,3623750,2237500,9125000,562500,6,14,2,0,0.875,348,238,1.46218487394958,NA
"Patriots",2004,0.44711855104281,2846875,2437500,7e+06,340000,8,14,2,0,0.875,437,260,1.68076923076923,1
"Patriots",2005,0.558385011949376,3549955.55555556,2509000,1.6e+07,284000,9,10,6,0,0.625,379,338,1.12130177514793,NA
"Patriots",2006,0.672502045978722,3494660,728300,1.6e+07,350000,10,12,4,0,0.75,385,237,1.62447257383966,NA
"Patriots",2007,0.597339986028899,3224746.15384615,6e+05,12700000,91700,13,16,0,0,1,589,274,2.14963503649635,2
"Patriots",2008,0.681510885436371,2332901.93333333,6e+05,1.4e+07,65294,15,11,5,0,0.688,410,309,1.32686084142395,NA
"Patriots",2009,0.579093051133559,2012649.85,860000,9600000,208562,20,10,6,0,0.625,427,285,1.49824561403509,NA
"Patriots",2010,0.671993206792361,3585757.22727273,1269853,26500000,245894,22,14,2,0,0.875,518,313,1.65495207667732,NA
"Patriots",2011,0.650414018805733,2262350.26666667,931000,21500000,22059,30,13,3,0,0.813,513,342,1.5,2
"Patriots",2012,0.608529893302359,2385017.74358974,929800,13350000,22941,39,12,4,0,0.75,557,331,1.68277945619335,NA
"Patriots",2013,0.666951571774815,1822439.88405797,642984,3.1e+07,0,69,12,4,0,0.75,444,338,1.31360946745562,NA
"Patriots",2014,0.608563712553925,1332517.4125,570000,1.2e+07,0,80,12,4,0,0.75,468,313,1.49520766773163,1
"Patriots",2015,0.67650088470837,1673015.93181818,639375,17937500,6600,88,12,4,0,0.75,465,315,1.47619047619048,NA
"Patriots",2016,0.640532314606896,1941340.61842105,705859,28764706,6900,76,14,2,0,0.875,441,250,1.764,1
"Patriots",2017,0.648397415409914,1949163.11111111,826812,22906250,0,90,13,3,0,0.813,458,296,1.5472972972973,2
"Patriots",2018,0.610984295760922,2021697.55172414,790000,1.5e+07,0,87,11,5,0,0.688,436,325,1.34153846153846,1
"Patriots",2019,0.603840119552622,2317474.27710843,992180,2.3e+07,24000,83,12,4,0,0.75,420,225,1.86666666666667,NA
"Patriots",2020,0.634738921000745,1571363.27,707028.5,14781000,0,100,7,9,0,0.438,326,353,0.923512747875354,NA
"Raiders",2000,0.252370721588383,1687250,1975000,2535000,264000,4,12,4,0,0.75,479,299,1.60200668896321,NA
"Raiders",2001,0.354450097355694,1592100,1500000,2762500,298000,5,10,6,0,0.625,399,327,1.22018348623853,NA
"Raiders",2002,0.140296935874487,1899400,1900000,2450000,1322000,5,11,5,0,0.688,450,304,1.48026315789474,2
"Raiders",2003,0.392280302679093,1873109.28571429,2250000,3575000,211765,7,4,12,0,0.25,270,379,0.712401055408971,NA
"Raiders",2004,0.505180510080992,3789714.28571429,2511000,8781000,240000,7,5,11,0,0.313,320,442,0.723981900452489,NA
"Raiders",2005,0.472829543647639,4716750,3275000,10537000,305000,8,4,12,0,0.25,290,383,0.757180156657963,NA
"Raiders",2006,0.58593446444761,2363571.42857143,1100000,8250000,0,7,2,14,0,0.125,168,332,0.506024096385542,NA
"Raiders",2007,0.375235296660795,1686020,1350000,4900000,360000,11,4,12,0,0.25,283,398,0.71105527638191,NA
"Raiders",2008,0.590211899260153,5562514.83333333,2562500,20275000,17353,12,5,11,0,0.313,263,388,0.677835051546392,NA
"Raiders",2009,0.632135656560769,4008468.47368421,1910000,20417500,36471,19,5,11,0,0.313,197,379,0.519788918205805,NA
"Raiders",2010,0.64107839608462,3116518.66666667,1025422.5,16592000,282353,24,8,8,0,0.5,410,371,1.10512129380054,NA
"Raiders",2011,0.600287252339593,2728381.29411765,1070688,16250000,370588,34,8,8,0,0.5,359,433,0.829099307159353,NA
"Raiders",2012,0.640105085474462,1825859.63829787,562973,1.5e+07,0,47,4,12,0,0.25,290,443,0.654627539503386,NA
"Raiders",2013,0.560287311492212,1344883.8,555000,9500000,28441,70,4,12,0,0.25,322,453,0.710816777041943,NA
"Raiders",2014,0.63078242201629,1469983.06976744,570000,12323272,6300,86,3,13,0,0.188,253,452,0.559734513274336,NA
"Raiders",2015,0.640699873814228,1667718.46987952,660000,15177268,6600,83,7,9,0,0.438,359,399,0.899749373433584,NA
"Raiders",2016,0.658697176818391,2100413.9375,675000,13500000,0,80,12,4,0,0.75,416,385,1.08051948051948,NA
"Raiders",2017,0.677102372949996,2223176.84146341,652500,25175000,0,82,6,10,0,0.375,301,373,0.806970509383378,NA
"Raiders",2018,0.702539774815682,1690907.27,572000,22500000,0,100,4,12,0,0.25,290,467,0.620985010706638,NA
"Raiders",2019,0.713905925391037,2171838.10989011,666152,21322864,8000,91,7,9,0,0.438,313,419,0.747016706443914,NA
"Raiders",2020,0.679329508646111,2926246.51162791,926152,21500000,25200,86,8,8,0,0.5,434,478,0.907949790794979,NA
"Rams",2000,0.524655613799829,4101500,2075000,11858000,398000,4,10,6,0,0.625,540,471,1.14649681528662,1
"Rams",2001,0.213064736945042,2045200,2200000,3050000,1115000,5,14,2,0,0.875,503,273,1.84249084249084,2
"Rams",2002,0.479004329004329,4331250,2550000,11595000,630000,4,7,9,0,0.438,316,369,0.856368563685637,NA
"Rams",2003,0.511730871477597,4137800,2144000,11400000,655000,5,12,4,0,0.75,447,328,1.36280487804878,NA
"Rams",2004,0.290746101410029,4283600,4805000,7021000,882000,5,8,8,0,0.5,319,392,0.813775510204082,NA
"Rams",2005,0.662306563906145,3449314.25,866441,1.8e+07,258250,8,6,10,0,0.375,363,429,0.846153846153846,NA
"Rams",2006,0.525322588871322,1000357.14285714,502500,4e+06,275000,7,8,8,0,0.5,367,381,0.963254593175853,NA
"Rams",2007,0.439064089521872,1755357.14285714,1320000,4100000,385000,7,3,13,0,0.188,263,438,0.600456621004566,NA
"Rams",2008,0.542353841096445,3163680,1553950,1.2e+07,460000,10,2,14,0,0.125,232,465,0.498924731182796,NA
"Rams",2009,0.685877143537668,2540638.75,785000,16585000,200588,12,1,15,0,0.063,175,436,0.401376146788991,NA
"Rams",2010,0.64219074995289,2983366.5625,823750,20570000,332500,16,7,9,0,0.438,289,328,0.88109756097561,NA
"Rams",2011,0.698773082663831,3599009.80952381,650000,26845000,91200,21,2,14,0,0.125,193,407,0.474201474201474,NA
"Rams",2012,0.640505078458937,1950965.41176471,540000,1.2e+07,34200,51,7,8,1,0.469,299,348,0.859195402298851,NA
"Rams",2013,0.6654577439056,1922489.77941176,580750,1.4e+07,18000,68,7,9,0,0.438,348,364,0.956043956043956,NA
"Rams",2014,0.68426502336462,1910058.41025641,577775.5,14219344,12600,78,6,10,0,0.375,324,354,0.915254237288136,NA
"Rams",2015,0.662983444170466,1628500.86746988,585000,15788756,13200,83,7,9,0,0.438,280,330,0.848484848484849,NA
"Rams",2016,0.704348514775152,1712812.57647059,575575,18968308,0,85,4,12,0,0.25,224,394,0.568527918781726,NA
"Rams",2017,0.690790563606576,2107970.53947368,639602,16742400,7200,76,11,5,0,0.688,478,329,1.45288753799392,NA
"Rams",2018,0.736093581528408,2899419.14285714,630000,40892000,0,77,13,3,0,0.813,527,384,1.37239583333333,2
"Rams",2019,0.714148416541853,2370825.72727273,645000,27459000,24000,77,9,7,0,0.563,394,364,1.08241758241758,NA
"Rams",2020,0.724332517273533,2513283.4375,686204,31042682,25200,80,10,6,0,0.625,372,296,1.25675675675676,NA
"Ravens",2000,0.298412698412698,8750000,5e+06,16500000,4750000,3,12,4,0,0.75,333,165,2.01818181818182,NA
"Ravens",2001,0.390804597701149,2416666.66666667,2e+06,4750000,5e+05,3,10,6,0,0.625,303,265,1.14339622641509,1
"Ravens",2002,0.222791293213828,6508333.33333333,5e+06,10525000,4e+06,3,7,9,0,0.438,316,354,0.892655367231638,NA
"Ravens",2003,0.46743157142329,4057150,4150000,9975000,443750,5,10,6,0,0.625,391,281,1.3914590747331,NA
"Ravens",2004,0.517707702578912,3286071.42857143,1500000,10660000,305000,7,9,7,0,0.563,317,268,1.18283582089552,NA
"Ravens",2005,0.585316174428294,3030892.85714286,685000,10665000,380000,7,6,10,0,0.375,265,299,0.88628762541806,NA
"Ravens",2006,0.448324009431782,4325800,3920000,1.2e+07,425000,10,13,3,0,0.813,353,201,1.75621890547264,NA
"Ravens",2007,0.343683270011355,3977823.07692308,5025000,6595000,360000,13,5,11,0,0.313,275,384,0.716145833333333,NA
"Ravens",2008,0.588699721052662,1901364.70588235,1005000,8475000,88400,17,11,5,0,0.688,385,244,1.57786885245902,NA
"Ravens",2009,0.671712338823736,2337225.08333333,831635,15100000,88400,24,9,7,0,0.563,391,261,1.49808429118774,NA
"Ravens",2010,0.611586508065762,3305686.88461538,1562000,24900000,348529,26,12,4,0,0.75,357,270,1.32222222222222,NA
"Ravens",2011,0.666348484893811,2640913.05263158,630000,27100000,0,38,12,4,0,0.75,378,266,1.42105263157895,NA
"Ravens",2012,0.630585466775737,2558507.87755102,865000,1.7e+07,0,49,10,6,0,0.625,398,344,1.15697674418605,1
"Ravens",2013,0.638992282848626,2083998.65151515,694348,3e+07,0,66,8,8,0,0.5,320,352,0.909090909090909,NA
"Ravens",2014,0.727290035318662,1683594.80434783,495000,2.1e+07,6300,92,10,6,0,0.625,409,302,1.35430463576159,NA
"Ravens",2015,0.670331403495885,1444946.19791667,555000,1.4e+07,6600,96,5,11,0,0.313,328,401,0.817955112219451,NA
"Ravens",2016,0.699342432920995,2007150.98913043,6e+05,4.4e+07,0,92,8,8,0,0.5,343,321,1.06853582554517,NA
"Ravens",2017,0.637052470828721,1600639.55913978,630750,1.6e+07,0,93,9,7,0,0.563,395,303,1.3036303630363,NA
"Ravens",2018,0.639462502839782,1889164.14457831,630000,1.2e+07,22800,83,10,6,0,0.625,389,287,1.35540069686411,NA
"Ravens",2019,0.684183820339936,2215383.74117647,645000,2.2e+07,0,85,14,2,0,0.875,531,282,1.88297872340426,NA
"Ravens",2020,0.713970736765477,2372442.14444444,750000,30866000,0,90,11,5,0,0.688,468,303,1.54455445544554,NA
"Washington",2000,0.41388022793248,4650500,4650500,8500000,801000,2,8,8,0,0.5,281,269,1.04460966542751,NA
"Washington",2001,0,1235000,1235000,1235000,1235000,1,8,8,0,0.5,256,303,0.844884488448845,NA
"Washington",2002,0,1669000,1669000,1669000,1669000,1,7,9,0,0.438,307,365,0.841095890410959,NA
"Washington",2003,0.438839285714286,1120000,1120000,2103000,137000,2,5,11,0,0.313,287,372,0.771505376344086,NA
"Washington",2004,0.388493680898244,7607058.66666667,9360000,13380000,81176,3,6,10,0,0.375,240,265,0.905660377358491,NA
"Washington",2005,0.467119371215905,1356226.85714286,1190000,3540000,40588,7,10,6,0,0.625,359,293,1.22525597269625,NA
"Washington",2006,0.551898427412179,3260333.33333333,3585000,8910000,4700,9,5,11,0,0.313,307,376,0.816489361702128,NA
"Washington",2007,0.56085969501061,3039450,1938500,11410000,285000,10,9,7,0,0.563,334,310,1.07741935483871,NA
"Washington",2008,0.621510357791449,1965442.92857143,714425,10430500,78529,14,8,8,0,0.5,265,296,0.89527027027027,NA
"Washington",2009,0.536462866956864,3078465.41176471,1402500,1.1e+07,109412,17,4,12,0,0.25,266,336,0.791666666666667,NA
"Washington",2010,0.663808047128395,4805647.33333333,959250,23752941,112941,24,6,10,0,0.375,302,377,0.80106100795756,NA
"Washington",2011,0.637301613155663,2506052.325,753626,13504471,22059,40,5,11,0,0.313,288,367,0.784741144414169,NA
"Washington",2012,0.630513557305711,2178878.34545455,7e+05,14189344,22800,55,10,6,0,0.625,436,388,1.12371134020619,NA
"Washington",2013,0.520024321966435,1286781.92,630000,6e+06,6000,75,3,13,0,0.188,334,478,0.698744769874477,NA
"Washington",2014,0.6634709376545,1588813.61728395,580041,11455000,6300,81,4,12,0,0.25,301,438,0.687214611872146,NA
"Washington",2015,0.677560977579379,1859847.19318182,595000,19038000,6600,88,9,7,0,0.563,388,379,1.02374670184697,NA
"Washington",2016,0.703089353207814,1948258.8875,6e+05,2e+07,6900,80,8,7,1,0.531,396,383,1.03394255874674,NA
"Washington",2017,0.722796843637433,1869805.44329897,612180,23943600,0,97,7,9,0,0.438,342,388,0.881443298969072,NA
"Washington",2018,0.746738063381443,1884453.13541667,555000,4e+07,7600,96,7,9,0,0.438,281,359,0.782729805013928,NA
"Washington",2019,0.702611905866641,1876193.93548387,638235,15825000,16000,93,3,13,0,0.188,266,435,0.611494252873563,NA
"Washington",2020,0.709159499787361,2202810.60215054,681451,23307160,0,93,7,9,0,0.438,335,329,1.01823708206687,NA
"Saints",2004,0,3050000,3050000,3050000,3050000,1,8,8,0,0.5,348,405,0.859259259259259,NA
"Saints",2005,0.496157095745551,1834550,1834550,3655000,14100,2,3,13,0,0.188,235,398,0.590452261306533,NA
"Saints",2006,0.658745890778795,2140247.4,560650,1e+07,105600,10,10,6,0,0.625,413,322,1.28260869565217,NA
"Saints",2007,0.699033419051735,2896435,595860,1.5e+07,290000,12,7,9,0,0.438,379,388,0.97680412371134,NA
"Saints",2008,0.619749064429754,2562341,482500,12700000,104706,16,8,8,0,0.5,463,393,1.17811704834606,NA
"Saints",2009,0.589851727016424,2444106.75,1470000,10001000,18235,20,13,3,0,0.813,510,341,1.49560117302053,1
"Saints",2010,0.5984217273637,3508336.52173913,1759000,19200000,60000,23,11,5,0,0.688,384,307,1.25081433224756,NA
"Saints",2011,0.531994994226629,2413564.67647059,1046661.5,1e+07,62700,34,13,3,0,0.813,547,339,1.61356932153392,NA
"Saints",2012,0.664939933177982,3125487.60416667,719276,4e+07,32941,48,7,9,0,0.438,461,454,1.01541850220264,NA
"Saints",2013,0.589855287254409,1644241.58571429,727500,1e+07,0,70,11,5,0,0.688,414,304,1.36184210526316,NA
"Saints",2014,0.675109136285132,1548157.75949367,548324,1.3e+07,6300,79,7,9,0,0.438,401,424,0.945754716981132,NA
"Saints",2015,0.697129050697656,1614393.63953488,524866,1.9e+07,6600,86,7,9,0,0.438,408,476,0.857142857142857,NA
"Saints",2016,0.689975089384372,1813586.36046512,617647,31250000,0,86,7,9,0,0.438,469,454,1.03303964757709,NA
"Saints",2017,0.679080373030915,1634539.22826087,540000,1.3e+07,0,92,11,5,0,0.688,448,326,1.37423312883436,NA
"Saints",2018,0.680430529323738,2107777.27848101,630000,2.7e+07,0,79,13,3,0,0.813,504,353,1.42776203966006,NA
"Saints",2019,0.68594487498677,2495279.9,703976,2.3e+07,8000,80,13,3,0,0.813,458,341,1.34310850439883,NA
"Saints",2020,0.696379139982879,2714388.97802198,809000,2.5e+07,0,91,12,4,0,0.75,482,337,1.43026706231454,NA
"Seahawks",2000,0.0967269770200788,3487479.33333333,3844438,4068000,2550000,3,6,10,0,0.375,320,405,0.790123456790123,NA
"Seahawks",2001,0.432556583788605,2690700,1600000,6500000,498000,5,9,7,0,0.563,301,324,0.929012345679012,NA
"Seahawks",2002,0.263043955296949,3354044,3920588,5e+06,575000,4,7,9,0,0.438,355,369,0.962059620596206,NA
"Seahawks",2003,0.303274877109074,3763500,4250000,5904000,650000,4,10,6,0,0.625,404,327,1.23547400611621,NA
"Seahawks",2004,0.362967033413336,3802776.33333333,3450000,7084800,873529,3,9,7,0,0.563,371,373,0.994638069705094,NA
"Seahawks",2005,0.196437564403536,14341000,17700000,1.9e+07,6323000,3,13,3,0,0.813,452,271,1.66789667896679,2
"Seahawks",2006,0.437186284906327,5658000,4e+06,15125000,665000,5,9,7,0,0.563,335,341,0.982404692082111,NA
"Seahawks",2007,0.414677066874243,2744500.42857143,2750000,6e+06,360000,7,10,6,0,0.625,393,291,1.35051546391753,NA
"Seahawks",2008,0.556252034602062,1920924.09090909,736500,6750000,295000,11,4,12,0,0.25,294,392,0.75,NA
"Seahawks",2009,0.503883776873129,1857687.5,1335000,6250000,385000,16,5,11,0,0.313,280,390,0.717948717948718,NA
"Seahawks",2010,0.639814964148429,2254631.17391304,880000,20451250,69706,23,7,9,0,0.438,310,407,0.761670761670762,NA
"Seahawks",2011,0.669426800485572,1796648.19565217,522938,16600000,22800,46,7,9,0,0.438,321,315,1.01904761904762,NA
"Seahawks",2012,0.609843392717529,2270592.45283019,540000,1e+07,5700,53,11,5,0,0.688,412,245,1.68163265306122,NA
"Seahawks",2013,0.637286277771272,1906475.52857143,555000,14500000,36000,70,13,3,0,0.813,417,231,1.80519480519481,1
"Seahawks",2014,0.694149104863801,1588420.97701149,570000,14225000,0,87,12,4,0,0.75,394,254,1.5511811023622,2
"Seahawks",2015,0.730502515908626,1830908.51807229,577133,31700000,6600,83,10,6,0,0.625,423,277,1.52707581227437,NA
"Seahawks",2016,0.715175108667845,1692534.18947368,525000,12687500,0,95,10,5,1,0.656,354,292,1.21232876712329,NA
"Seahawks",2017,0.67566832016162,1913553.89473684,615000,13182817,14400,95,9,7,0,0.563,366,332,1.10240963855422,NA
"Seahawks",2018,0.67928276647859,2065097.40909091,630000,15500000,0,88,10,6,0,0.625,428,347,1.23342939481268,NA
"Seahawks",2019,0.732804848933881,2674001.7826087,720000,7e+07,0,92,11,5,0,0.688,405,398,1.01758793969849,NA
"Seahawks",2020,0.659513157337789,2059969.76923077,750000,1.8e+07,0,91,12,4,0,0.75,459,371,1.23719676549865,NA
"Steelers",2000,0.282945736434109,2866666.66666667,3200000,4525000,875000,3,9,7,0,0.563,321,255,1.25882352941176,NA
"Steelers",2001,0.339263803680982,4075000,4075000,6840000,1310000,2,13,3,0,0.813,352,212,1.66037735849057,NA
"Steelers",2002,0.663495242627908,1864138.4,252750,6525000,26471,5,10,5,1,0.656,390,345,1.1304347826087,NA
"Steelers",2003,0.371194610604565,1721900,2174000,2990000,145000,5,6,10,0,0.375,300,327,0.917431192660551,NA
"Steelers",2004,0.522329830614805,1594000,890000,4455000,230000,8,15,1,0,0.938,372,251,1.48207171314741,NA
"Steelers",2005,0.644071992984381,1886312.81818182,656000,9494000,23500,11,11,5,0,0.688,389,258,1.5077519379845,1
"Steelers",2006,0.397372095561014,2142113.42857143,1811500,5585000,145588,14,8,8,0,0.5,353,315,1.12063492063492,NA
"Steelers",2007,0.541249363082508,2327929.41176471,1399000,11575000,360000,17,10,6,0,0.625,393,269,1.46096654275093,NA
"Steelers",2008,0.647559682391333,3506088.23529412,1417000,27700000,370000,17,12,4,0,0.75,347,223,1.55605381165919,1
"Steelers",2009,0.593375354003724,3232246.875,1121337.5,13350000,0,24,9,7,0,0.563,368,324,1.1358024691358,NA
"Steelers",2010,0.536144922217162,2669394.65384615,1282000,9248000,0,26,12,4,0,0.75,375,232,1.61637931034483,2
"Steelers",2011,0.632702517853065,3407020.19444444,838100,18100000,0,36,12,4,0,0.75,325,227,1.43171806167401,NA
"Steelers",2012,0.614965389087963,2396792.97916667,755562.5,15650000,0,48,8,8,0,0.5,336,314,1.07006369426752,NA
"Steelers",2013,0.604642698265486,1520887.43661972,630000,11600000,0,71,8,8,0,0.5,379,370,1.02432432432432,NA
"Steelers",2014,0.639691094952282,1978751.5,795000,1.4e+07,18900,70,11,5,0,0.688,436,368,1.18478260869565,NA
"Steelers",2015,0.669460262516779,1854513.13793103,745000,35250000,30000,87,10,6,0,0.625,423,319,1.32601880877743,NA
"Steelers",2016,0.690224691786732,1769544.94117647,6e+05,18070000,0,85,11,5,0,0.688,399,327,1.22018348623853,NA
"Steelers",2017,0.660652175195525,2252210.09459459,625385.5,19910000,0,74,13,3,0,0.813,406,308,1.31818181818182,NA
"Steelers",2018,0.662199926516363,2181273.65853659,673358.5,1.7e+07,0,82,9,6,1,0.594,428,360,1.18888888888889,NA
"Steelers",2019,0.725590404037368,2614121.96296296,658267,4.5e+07,8000,81,8,8,0,0.5,289,303,0.953795379537954,NA
"Steelers",2020,0.690620506803624,2154448.51724138,750000,21750000,0,87,12,4,0,0.75,416,312,1.33333333333333,NA
"Texans",2002,0.125523012552301,9560000,9560000,11960000,7160000,2,4,12,0,0.25,213,356,0.598314606741573,NA
"Texans",2003,0.233675715333822,6815000,6815000,1e+07,3630000,2,5,11,0,0.313,255,380,0.671052631578947,NA
"Texans",2004,0.283565253401284,3375875.75,3905501.5,5032500,660000,4,7,9,0,0.438,309,339,0.911504424778761,NA
"Texans",2005,0.47771248660276,5166875.75,3006251.5,13500000,1155000,4,2,14,0,0.125,260,431,0.603248259860789,NA
"Texans",2006,0.525269067266233,3103801,1502001.5,8050000,56405,8,6,10,0,0.375,267,366,0.729508196721312,NA
"Texans",2007,0.638307361304647,3497849,510000,12975000,67059,9,8,8,0,0.5,379,384,0.986979166666667,NA
"Texans",2008,0.538303460443482,3463750,2627500,11175000,370000,12,8,8,0,0.5,366,394,0.928934010152284,NA
"Texans",2009,0.611705390463636,4048259.54545455,1632500,1.7e+07,127647,22,9,7,0,0.563,388,333,1.16516516516517,NA
"Texans",2010,0.600618857843189,2887274.1,954300,14500000,110588,30,6,10,0,0.375,390,427,0.913348946135831,NA
"Texans",2011,0.613029901007535,2944943.07317073,8e+05,1.8e+07,123529,41,10,6,0,0.625,381,278,1.3705035971223,NA
"Texans",2012,0.684094369821074,2728894.24528302,715000,22450000,57000,53,12,4,0,0.75,416,331,1.25679758308157,NA
"Texans",2013,0.63895182443094,1455020.02666667,555000,10500000,0,75,2,14,0,0.125,276,428,0.644859813084112,NA
"Texans",2014,0.688506180194238,1503464.04651163,570000,14938544,12600,86,9,7,0,0.563,372,307,1.21172638436482,NA
"Texans",2015,0.691273614975975,1942222.55294118,585000,19969000,6600,85,9,7,0,0.563,339,313,1.08306709265176,NA
"Texans",2016,0.667380220831577,1931596.81521739,604615,2.1e+07,20700,92,9,7,0,0.563,279,328,0.850609756097561,NA
"Texans",2017,0.703647737196547,1561665.78787879,534216,2.4e+07,0,99,4,12,0,0.25,338,436,0.775229357798165,NA
"Texans",2018,0.65234717280301,2243263.73255814,747500,13306000,0,86,11,5,0,0.688,402,316,1.27215189873418,NA
"Texans",2019,0.622645678150333,2342500.83908046,871522,13750000,0,87,10,6,0,0.625,378,385,0.981818181818182,NA
"Texans",2020,0.70446090220846,2753477.04347826,750000,29354247,24000,92,4,12,0,0.25,384,464,0.827586206896552,NA
"Vikings",2000,0.350195544975344,2940500,2940500,5e+06,881000,2,11,5,0,0.688,397,371,1.07008086253369,NA
"Vikings",2001,0,10610000,10610000,10610000,10610000,1,5,11,0,0.313,290,390,0.743589743589744,NA
"Vikings",2002,0.472918459173167,4431062.5,4431062.5,8622125,240000,2,6,10,0,0.375,390,442,0.882352941176471,NA
"Vikings",2003,0.420849042741438,2728991,2766000,5083964,3e+05,4,9,7,0,0.563,416,353,1.17847025495751,NA
"Vikings",2004,0.47342482575764,2702701,2342500,5820804,305000,4,8,8,0,0.5,405,395,1.0253164556962,NA
"Vikings",2005,0.129943502824859,472000,380000,656000,380000,3,9,7,0,0.563,306,344,0.88953488372093,NA
"Vikings",2006,0.343151340996169,4176000,4176000,7042000,1310000,2,6,10,0,0.375,282,327,0.862385321100917,NA
"Vikings",2007,0.352009665726943,4966000,6470000,9e+06,769000,5,8,8,0,0.5,365,311,1.17363344051447,NA
"Vikings",2008,0.76239593018558,2562140.90909091,370000,16250069,83200,11,10,6,0,0.625,379,333,1.13813813813814,NA
"Vikings",2009,0.665177152583544,2308075.6,1e+06,1.2e+07,88400,15,12,4,0,0.75,470,312,1.50641025641026,NA
"Vikings",2010,0.624729922450797,2822655.47368421,860000,1.6e+07,18824,19,6,10,0,0.375,281,348,0.807471264367816,NA
"Vikings",2011,0.695406549046748,2605917.96969697,525000,20250000,22059,33,3,13,0,0.188,340,449,0.757238307349666,NA
"Vikings",2012,0.612818031294991,1926969.85714286,617500,13208620,0,49,10,6,0,0.625,379,348,1.08908045977011,NA
"Vikings",2013,0.644827524950763,1954094.82608696,642150,14280612,0,69,5,10,1,0.344,391,480,0.814583333333333,NA
"Vikings",2014,0.658133208015947,1650858.36842105,570000,1.3e+07,12600,76,7,9,0,0.438,325,343,0.947521865889213,NA
"Vikings",2015,0.619818269194894,1667115.2,661356,1.3e+07,0,80,11,5,0,0.688,365,302,1.20860927152318,NA
"Vikings",2016,0.626605927256382,1887902.51219512,651555,15278000,6900,82,8,8,0,0.5,327,307,1.06514657980456,NA
"Vikings",2017,0.691586048848528,2382499.71604938,690000,20026000,21600,81,13,3,0,0.813,382,252,1.51587301587302,NA
"Vikings",2018,0.698175197916539,2614153.20930233,630000,2.6e+07,38000,86,8,7,1,0.531,360,341,1.05571847507331,NA
"Vikings",2019,0.69514083530612,2879458.17567568,678974.5,2.8e+07,0,74,10,6,0,0.625,407,303,1.34323432343234,NA
"Vikings",2020,0.710577014980057,2662624.69135802,750000,4e+07,25200,81,7,9,0,0.438,430,475,0.905263157894737,NA
